"4","http://www.yodobashi.com/p1/?word=%E3%82%A8%E3%83%AC%E3%82%B3%E3%83%A0"
"4","http://www.yodobashi.com/p2/?word=%E3%82%A8%E3%83%AC%E3%82%B3%E3%83%A0"
"4","http://www.yodobashi.com/p3/?word=%E3%82%A8%E3%83%AC%E3%82%B3%E3%83%A0"
"4","http://www.yodobashi.com/p4/?word=%E3%82%A8%E3%83%AC%E3%82%B3%E3%83%A0"
"4","http://www.yodobashi.com/p5/?word=%E3%82%A8%E3%83%AC%E3%82%B3%E3%83%A0"
"4","http://www.yodobashi.com/p6/?word=%E3%82%A8%E3%83%AC%E3%82%B3%E3%83%A0"
"4","http://www.yodobashi.com/p7/?word=%E3%82%A8%E3%83%AC%E3%82%B3%E3%83%A0"
"4","http://www.yodobashi.com/p8/?word=%E3%82%A8%E3%83%AC%E3%82%B3%E3%83%A0"
"4","http://www.yodobashi.com/p9/?word=%E3%82%A8%E3%83%AC%E3%82%B3%E3%83%A0"
"4","http://www.yodobashi.com/p10/?word=%E3%82%A8%E3%83%AC%E3%82%B3%E3%83%A0"
"4","http://www.yodobashi.com/p11/?word=%E3%82%A8%E3%83%AC%E3%82%B3%E3%83%A0"
"4","http://www.yodobashi.com/p12/?word=%E3%82%A8%E3%83%AC%E3%82%B3%E3%83%A0"
"4","http://www.yodobashi.com/p13/?word=%E3%82%A8%E3%83%AC%E3%82%B3%E3%83%A0"
"4","http://www.yodobashi.com/p14/?word=%E3%82%A8%E3%83%AC%E3%82%B3%E3%83%A0"
"4","http://www.yodobashi.com/p15/?word=%E3%82%A8%E3%83%AC%E3%82%B3%E3%83%A0"
"4","http://www.yodobashi.com/p16/?word=%E3%82%A8%E3%83%AC%E3%82%B3%E3%83%A0"
"4","http://www.yodobashi.com/p17/?word=%E3%82%A8%E3%83%AC%E3%82%B3%E3%83%A0"
"4","http://www.yodobashi.com/p18/?word=%E3%82%A8%E3%83%AC%E3%82%B3%E3%83%A0"
"4","http://www.yodobashi.com/p19/?word=%E3%82%A8%E3%83%AC%E3%82%B3%E3%83%A0"
"4","http://www.yodobashi.com/p20/?word=%E3%82%A8%E3%83%AC%E3%82%B3%E3%83%A0"
"4","http://www.yodobashi.com/p21/?word=%E3%82%A8%E3%83%AC%E3%82%B3%E3%83%A0"
"4","http://www.yodobashi.com/p22/?word=%E3%82%A8%E3%83%AC%E3%82%B3%E3%83%A0"
"4","http://www.yodobashi.com/p23/?word=%E3%82%A8%E3%83%AC%E3%82%B3%E3%83%A0"
"4","http://www.yodobashi.com/p24/?word=%E3%82%A8%E3%83%AC%E3%82%B3%E3%83%A0"
"4","http://www.yodobashi.com/p25/?word=%E3%82%A8%E3%83%AC%E3%82%B3%E3%83%A0"
"4","http://www.yodobashi.com/p26/?word=%E3%82%A8%E3%83%AC%E3%82%B3%E3%83%A0"
"4","http://www.yodobashi.com/p27/?word=%E3%82%A8%E3%83%AC%E3%82%B3%E3%83%A0"
"4","http://www.yodobashi.com/p28/?word=%E3%82%A8%E3%83%AC%E3%82%B3%E3%83%A0"
"4","http://www.yodobashi.com/p29/?word=%E3%82%A8%E3%83%AC%E3%82%B3%E3%83%A0"
"4","http://www.yodobashi.com/p30/?word=%E3%82%A8%E3%83%AC%E3%82%B3%E3%83%A0"
"4","http://www.yodobashi.com/p31/?word=%E3%82%A8%E3%83%AC%E3%82%B3%E3%83%A0"
"4","http://www.yodobashi.com/p32/?word=%E3%82%A8%E3%83%AC%E3%82%B3%E3%83%A0"
"4","http://www.yodobashi.com/p33/?word=%E3%82%A8%E3%83%AC%E3%82%B3%E3%83%A0"
"4","http://www.yodobashi.com/p34/?word=%E3%82%A8%E3%83%AC%E3%82%B3%E3%83%A0"
"4","http://www.yodobashi.com/p35/?word=%E3%82%A8%E3%83%AC%E3%82%B3%E3%83%A0"
"4","http://www.yodobashi.com/p36/?word=%E3%82%A8%E3%83%AC%E3%82%B3%E3%83%A0"
"4","http://www.yodobashi.com/p37/?word=%E3%82%A8%E3%83%AC%E3%82%B3%E3%83%A0"
"4","http://www.yodobashi.com/p38/?word=%E3%82%A8%E3%83%AC%E3%82%B3%E3%83%A0"
"4","http://www.yodobashi.com/p39/?word=%E3%82%A8%E3%83%AC%E3%82%B3%E3%83%A0"
"4","http://www.yodobashi.com/p40/?word=%E3%82%A8%E3%83%AC%E3%82%B3%E3%83%A0"
"4","http://www.yodobashi.com/p41/?word=%E3%82%A8%E3%83%AC%E3%82%B3%E3%83%A0"
"4","http://www.yodobashi.com/p42/?word=%E3%82%A8%E3%83%AC%E3%82%B3%E3%83%A0"
"4","http://www.yodobashi.com/p43/?word=%E3%82%A8%E3%83%AC%E3%82%B3%E3%83%A0"
"4","http://www.yodobashi.com/p44/?word=%E3%82%A8%E3%83%AC%E3%82%B3%E3%83%A0"
"4","http://www.yodobashi.com/p45/?word=%E3%82%A8%E3%83%AC%E3%82%B3%E3%83%A0"
"4","http://www.yodobashi.com/p46/?word=%E3%82%A8%E3%83%AC%E3%82%B3%E3%83%A0"
"4","http://www.yodobashi.com/p47/?word=%E3%82%A8%E3%83%AC%E3%82%B3%E3%83%A0"
"4","http://www.yodobashi.com/p48/?word=%E3%82%A8%E3%83%AC%E3%82%B3%E3%83%A0"
"4","http://www.yodobashi.com/p49/?word=%E3%82%A8%E3%83%AC%E3%82%B3%E3%83%A0"
"4","http://www.yodobashi.com/p50/?word=%E3%82%A8%E3%83%AC%E3%82%B3%E3%83%A0"
"4","http://www.yodobashi.com/p51/?word=%E3%82%A8%E3%83%AC%E3%82%B3%E3%83%A0"
"4","http://www.yodobashi.com/p52/?word=%E3%82%A8%E3%83%AC%E3%82%B3%E3%83%A0"
"4","http://www.yodobashi.com/p53/?word=%E3%82%A8%E3%83%AC%E3%82%B3%E3%83%A0"
"4","http://www.yodobashi.com/p54/?word=%E3%82%A8%E3%83%AC%E3%82%B3%E3%83%A0"
"4","http://www.yodobashi.com/p55/?word=%E3%82%A8%E3%83%AC%E3%82%B3%E3%83%A0"
"4","http://www.yodobashi.com/p56/?word=%E3%82%A8%E3%83%AC%E3%82%B3%E3%83%A0"
"4","http://www.yodobashi.com/p57/?word=%E3%82%A8%E3%83%AC%E3%82%B3%E3%83%A0"
"4","http://www.yodobashi.com/p58/?word=%E3%82%A8%E3%83%AC%E3%82%B3%E3%83%A0"
"4","http://www.yodobashi.com/p59/?word=%E3%82%A8%E3%83%AC%E3%82%B3%E3%83%A0"
"4","http://www.yodobashi.com/p60/?word=%E3%82%A8%E3%83%AC%E3%82%B3%E3%83%A0"
"4","http://www.yodobashi.com/p61/?word=%E3%82%A8%E3%83%AC%E3%82%B3%E3%83%A0"
"4","http://www.yodobashi.com/p62/?word=%E3%82%A8%E3%83%AC%E3%82%B3%E3%83%A0"
"4","http://www.yodobashi.com/p63/?word=%E3%82%A8%E3%83%AC%E3%82%B3%E3%83%A0"
"4","http://www.yodobashi.com/p64/?word=%E3%82%A8%E3%83%AC%E3%82%B3%E3%83%A0"
"4","http://www.yodobashi.com/p65/?word=%E3%82%A8%E3%83%AC%E3%82%B3%E3%83%A0"
"4","http://www.yodobashi.com/p66/?word=%E3%82%A8%E3%83%AC%E3%82%B3%E3%83%A0"
"4","http://www.yodobashi.com/p67/?word=%E3%82%A8%E3%83%AC%E3%82%B3%E3%83%A0"
"4","http://www.yodobashi.com/p68/?word=%E3%82%A8%E3%83%AC%E3%82%B3%E3%83%A0"
"4","http://www.yodobashi.com/p69/?word=%E3%82%A8%E3%83%AC%E3%82%B3%E3%83%A0"
"4","http://www.yodobashi.com/p70/?word=%E3%82%A8%E3%83%AC%E3%82%B3%E3%83%A0"
"4","http://www.yodobashi.com/p71/?word=%E3%82%A8%E3%83%AC%E3%82%B3%E3%83%A0"
"4","http://www.yodobashi.com/p72/?word=%E3%82%A8%E3%83%AC%E3%82%B3%E3%83%A0"
"4","http://www.yodobashi.com/p73/?word=%E3%82%A8%E3%83%AC%E3%82%B3%E3%83%A0"
"4","http://www.yodobashi.com/p74/?word=%E3%82%A8%E3%83%AC%E3%82%B3%E3%83%A0"
"4","http://www.yodobashi.com/p75/?word=%E3%82%A8%E3%83%AC%E3%82%B3%E3%83%A0"
"4","http://www.yodobashi.com/p76/?word=%E3%82%A8%E3%83%AC%E3%82%B3%E3%83%A0"
"4","http://www.yodobashi.com/p77/?word=%E3%82%A8%E3%83%AC%E3%82%B3%E3%83%A0"
"4","http://www.yodobashi.com/p78/?word=%E3%82%A8%E3%83%AC%E3%82%B3%E3%83%A0"
"4","http://www.yodobashi.com/p79/?word=%E3%82%A8%E3%83%AC%E3%82%B3%E3%83%A0"
"4","http://www.yodobashi.com/p80/?word=%E3%82%A8%E3%83%AC%E3%82%B3%E3%83%A0"
"4","http://www.yodobashi.com/p81/?word=%E3%82%A8%E3%83%AC%E3%82%B3%E3%83%A0"
"4","http://www.yodobashi.com/p82/?word=%E3%82%A8%E3%83%AC%E3%82%B3%E3%83%A0"
"4","http://www.yodobashi.com/p83/?word=%E3%82%A8%E3%83%AC%E3%82%B3%E3%83%A0"
"4","http://www.yodobashi.com/p84/?word=%E3%82%A8%E3%83%AC%E3%82%B3%E3%83%A0"
"4","http://www.yodobashi.com/p85/?word=%E3%82%A8%E3%83%AC%E3%82%B3%E3%83%A0"
"4","http://www.yodobashi.com/p86/?word=%E3%82%A8%E3%83%AC%E3%82%B3%E3%83%A0"
"4","http://www.yodobashi.com/p87/?word=%E3%82%A8%E3%83%AC%E3%82%B3%E3%83%A0"
"4","http://www.yodobashi.com/p88/?word=%E3%82%A8%E3%83%AC%E3%82%B3%E3%83%A0"
"4","http://www.yodobashi.com/p89/?word=%E3%82%A8%E3%83%AC%E3%82%B3%E3%83%A0"
"4","http://www.yodobashi.com/p90/?word=%E3%82%A8%E3%83%AC%E3%82%B3%E3%83%A0"
"4","http://www.yodobashi.com/p91/?word=%E3%82%A8%E3%83%AC%E3%82%B3%E3%83%A0"
"4","http://www.yodobashi.com/p92/?word=%E3%82%A8%E3%83%AC%E3%82%B3%E3%83%A0"
"4","http://www.yodobashi.com/p93/?word=%E3%82%A8%E3%83%AC%E3%82%B3%E3%83%A0"
"4","http://www.yodobashi.com/p94/?word=%E3%82%A8%E3%83%AC%E3%82%B3%E3%83%A0"
"4","http://www.yodobashi.com/p95/?word=%E3%82%A8%E3%83%AC%E3%82%B3%E3%83%A0"
"4","http://www.yodobashi.com/p96/?word=%E3%82%A8%E3%83%AC%E3%82%B3%E3%83%A0"
"4","http://www.yodobashi.com/p97/?word=%E3%82%A8%E3%83%AC%E3%82%B3%E3%83%A0"
"4","http://www.yodobashi.com/p98/?word=%E3%82%A8%E3%83%AC%E3%82%B3%E3%83%A0"
"4","http://www.yodobashi.com/p99/?word=%E3%82%A8%E3%83%AC%E3%82%B3%E3%83%A0"
"4","http://www.yodobashi.com/p100/?word=%E3%82%A8%E3%83%AC%E3%82%B3%E3%83%A0"
"4","http://www.yodobashi.com/p101/?word=%E3%82%A8%E3%83%AC%E3%82%B3%E3%83%A0"
"4","http://www.yodobashi.com/p102/?word=%E3%82%A8%E3%83%AC%E3%82%B3%E3%83%A0"
"4","http://www.yodobashi.com/p103/?word=%E3%82%A8%E3%83%AC%E3%82%B3%E3%83%A0"
"4","http://www.yodobashi.com/p104/?word=%E3%82%A8%E3%83%AC%E3%82%B3%E3%83%A0"
"4","http://www.yodobashi.com/p105/?word=%E3%82%A8%E3%83%AC%E3%82%B3%E3%83%A0"
"4","http://www.yodobashi.com/p106/?word=%E3%82%A8%E3%83%AC%E3%82%B3%E3%83%A0"
"4","http://www.yodobashi.com/p107/?word=%E3%82%A8%E3%83%AC%E3%82%B3%E3%83%A0"
"4","http://www.yodobashi.com/p108/?word=%E3%82%A8%E3%83%AC%E3%82%B3%E3%83%A0"
"4","http://www.yodobashi.com/p109/?word=%E3%82%A8%E3%83%AC%E3%82%B3%E3%83%A0"
"4","http://www.yodobashi.com/p110/?word=%E3%82%A8%E3%83%AC%E3%82%B3%E3%83%A0"
"4","http://www.yodobashi.com/p111/?word=%E3%82%A8%E3%83%AC%E3%82%B3%E3%83%A0"
"4","http://www.yodobashi.com/p112/?word=%E3%82%A8%E3%83%AC%E3%82%B3%E3%83%A0"
"4","http://www.yodobashi.com/p113/?word=%E3%82%A8%E3%83%AC%E3%82%B3%E3%83%A0"
"4","http://www.yodobashi.com/p114/?word=%E3%82%A8%E3%83%AC%E3%82%B3%E3%83%A0"
"4","http://www.yodobashi.com/p115/?word=%E3%82%A8%E3%83%AC%E3%82%B3%E3%83%A0"
"4","http://www.yodobashi.com/p116/?word=%E3%82%A8%E3%83%AC%E3%82%B3%E3%83%A0"
"4","http://www.yodobashi.com/p117/?word=%E3%82%A8%E3%83%AC%E3%82%B3%E3%83%A0"
"4","http://www.yodobashi.com/p118/?word=%E3%82%A8%E3%83%AC%E3%82%B3%E3%83%A0"
"4","http://www.yodobashi.com/p119/?word=%E3%82%A8%E3%83%AC%E3%82%B3%E3%83%A0"
"4","http://www.yodobashi.com/p120/?word=%E3%82%A8%E3%83%AC%E3%82%B3%E3%83%A0"
"4","http://www.yodobashi.com/p121/?word=%E3%82%A8%E3%83%AC%E3%82%B3%E3%83%A0"
"4","http://www.yodobashi.com/p122/?word=%E3%82%A8%E3%83%AC%E3%82%B3%E3%83%A0"
"4","http://www.yodobashi.com/p123/?word=%E3%82%A8%E3%83%AC%E3%82%B3%E3%83%A0"
"4","http://www.yodobashi.com/p124/?word=%E3%82%A8%E3%83%AC%E3%82%B3%E3%83%A0"
"4","http://www.yodobashi.com/p125/?word=%E3%82%A8%E3%83%AC%E3%82%B3%E3%83%A0"
"4","http://www.yodobashi.com/p126/?word=%E3%82%A8%E3%83%AC%E3%82%B3%E3%83%A0"
"4","http://www.yodobashi.com/p127/?word=%E3%82%A8%E3%83%AC%E3%82%B3%E3%83%A0"
"4","http://www.yodobashi.com/p128/?word=%E3%82%A8%E3%83%AC%E3%82%B3%E3%83%A0"
"4","http://www.yodobashi.com/p129/?word=%E3%82%A8%E3%83%AC%E3%82%B3%E3%83%A0"
"4","http://www.yodobashi.com/p130/?word=%E3%82%A8%E3%83%AC%E3%82%B3%E3%83%A0"
"4","http://www.yodobashi.com/p131/?word=%E3%82%A8%E3%83%AC%E3%82%B3%E3%83%A0"
"4","http://www.yodobashi.com/p132/?word=%E3%82%A8%E3%83%AC%E3%82%B3%E3%83%A0"
"4","http://www.yodobashi.com/p133/?word=%E3%82%A8%E3%83%AC%E3%82%B3%E3%83%A0"
"4","http://www.yodobashi.com/p134/?word=%E3%82%A8%E3%83%AC%E3%82%B3%E3%83%A0"
"4","http://www.yodobashi.com/p135/?word=%E3%82%A8%E3%83%AC%E3%82%B3%E3%83%A0"
"4","http://www.yodobashi.com/p136/?word=%E3%82%A8%E3%83%AC%E3%82%B3%E3%83%A0"
"4","http://www.yodobashi.com/p137/?word=%E3%82%A8%E3%83%AC%E3%82%B3%E3%83%A0"
"4","http://www.yodobashi.com/p138/?word=%E3%82%A8%E3%83%AC%E3%82%B3%E3%83%A0"
"4","http://www.yodobashi.com/p139/?word=%E3%82%A8%E3%83%AC%E3%82%B3%E3%83%A0"
"4","http://www.yodobashi.com/p140/?word=%E3%82%A8%E3%83%AC%E3%82%B3%E3%83%A0"
"4","http://www.yodobashi.com/p141/?word=%E3%82%A8%E3%83%AC%E3%82%B3%E3%83%A0"
"4","http://www.yodobashi.com/p142/?word=%E3%82%A8%E3%83%AC%E3%82%B3%E3%83%A0"
"4","http://www.yodobashi.com/p143/?word=%E3%82%A8%E3%83%AC%E3%82%B3%E3%83%A0"
"4","http://www.yodobashi.com/p144/?word=%E3%82%A8%E3%83%AC%E3%82%B3%E3%83%A0"
"4","http://www.yodobashi.com/p145/?word=%E3%82%A8%E3%83%AC%E3%82%B3%E3%83%A0"
"4","http://www.yodobashi.com/p146/?word=%E3%82%A8%E3%83%AC%E3%82%B3%E3%83%A0"
"4","http://www.yodobashi.com/p147/?word=%E3%82%A8%E3%83%AC%E3%82%B3%E3%83%A0"
"4","http://www.yodobashi.com/p148/?word=%E3%82%A8%E3%83%AC%E3%82%B3%E3%83%A0"
"4","http://www.yodobashi.com/p149/?word=%E3%82%A8%E3%83%AC%E3%82%B3%E3%83%A0"
"4","http://www.yodobashi.com/p150/?word=%E3%82%A8%E3%83%AC%E3%82%B3%E3%83%A0"
"4","http://www.yodobashi.com/p151/?word=%E3%82%A8%E3%83%AC%E3%82%B3%E3%83%A0"
"4","http://www.yodobashi.com/p152/?word=%E3%82%A8%E3%83%AC%E3%82%B3%E3%83%A0"
"4","http://www.yodobashi.com/p153/?word=%E3%82%A8%E3%83%AC%E3%82%B3%E3%83%A0"
"4","http://www.yodobashi.com/p154/?word=%E3%82%A8%E3%83%AC%E3%82%B3%E3%83%A0"
"4","http://www.yodobashi.com/p155/?word=%E3%82%A8%E3%83%AC%E3%82%B3%E3%83%A0"
"4","http://www.yodobashi.com/p156/?word=%E3%82%A8%E3%83%AC%E3%82%B3%E3%83%A0"
"4","http://www.yodobashi.com/p157/?word=%E3%82%A8%E3%83%AC%E3%82%B3%E3%83%A0"
"4","http://www.yodobashi.com/p158/?word=%E3%82%A8%E3%83%AC%E3%82%B3%E3%83%A0"
"4","http://www.yodobashi.com/p159/?word=%E3%82%A8%E3%83%AC%E3%82%B3%E3%83%A0"
"4","http://www.yodobashi.com/p160/?word=%E3%82%A8%E3%83%AC%E3%82%B3%E3%83%A0"
"4","http://www.yodobashi.com/p161/?word=%E3%82%A8%E3%83%AC%E3%82%B3%E3%83%A0"
"4","http://www.yodobashi.com/p162/?word=%E3%82%A8%E3%83%AC%E3%82%B3%E3%83%A0"
"4","http://www.yodobashi.com/p163/?word=%E3%82%A8%E3%83%AC%E3%82%B3%E3%83%A0"
"4","http://www.yodobashi.com/p164/?word=%E3%82%A8%E3%83%AC%E3%82%B3%E3%83%A0"
"4","http://www.yodobashi.com/p165/?word=%E3%82%A8%E3%83%AC%E3%82%B3%E3%83%A0"
"4","http://www.yodobashi.com/p166/?word=%E3%82%A8%E3%83%AC%E3%82%B3%E3%83%A0"
"4","http://www.yodobashi.com/p167/?word=%E3%82%A8%E3%83%AC%E3%82%B3%E3%83%A0"
"3","https://www.amazon.co.jp/s/ref=sr_pg_2/357-0333775-0307931?rh=i%3Aaps%2Ck%3A%E3%82%A8%E3%83%AC%E3%82%B3%E3%83%A0&page=1&sort=smooth-review-rank&keywords=%E3%82%A8%E3%83%AC%E3%82%B3%E3%83%A0&ie=UTF8&qid=1496672320"
"3","https://www.amazon.co.jp/s/ref=sr_pg_2/357-0333775-0307931?rh=i%3Aaps%2Ck%3A%E3%82%A8%E3%83%AC%E3%82%B3%E3%83%A0&page=2&sort=smooth-review-rank&keywords=%E3%82%A8%E3%83%AC%E3%82%B3%E3%83%A0&ie=UTF8&qid=1496672320"
"3","https://www.amazon.co.jp/s/ref=sr_pg_2/357-0333775-0307931?rh=i%3Aaps%2Ck%3A%E3%82%A8%E3%83%AC%E3%82%B3%E3%83%A0&page=3&sort=smooth-review-rank&keywords=%E3%82%A8%E3%83%AC%E3%82%B3%E3%83%A0&ie=UTF8&qid=1496672320"
"3","https://www.amazon.co.jp/s/ref=sr_pg_2/357-0333775-0307931?rh=i%3Aaps%2Ck%3A%E3%82%A8%E3%83%AC%E3%82%B3%E3%83%A0&page=4&sort=smooth-review-rank&keywords=%E3%82%A8%E3%83%AC%E3%82%B3%E3%83%A0&ie=UTF8&qid=1496672320"
"3","https://www.amazon.co.jp/s/ref=sr_pg_2/357-0333775-0307931?rh=i%3Aaps%2Ck%3A%E3%82%A8%E3%83%AC%E3%82%B3%E3%83%A0&page=5&sort=smooth-review-rank&keywords=%E3%82%A8%E3%83%AC%E3%82%B3%E3%83%A0&ie=UTF8&qid=1496672320"
"3","https://www.amazon.co.jp/s/ref=sr_pg_2/357-0333775-0307931?rh=i%3Aaps%2Ck%3A%E3%82%A8%E3%83%AC%E3%82%B3%E3%83%A0&page=6&sort=smooth-review-rank&keywords=%E3%82%A8%E3%83%AC%E3%82%B3%E3%83%A0&ie=UTF8&qid=1496672320"
"3","https://www.amazon.co.jp/s/ref=sr_pg_2/357-0333775-0307931?rh=i%3Aaps%2Ck%3A%E3%82%A8%E3%83%AC%E3%82%B3%E3%83%A0&page=7&sort=smooth-review-rank&keywords=%E3%82%A8%E3%83%AC%E3%82%B3%E3%83%A0&ie=UTF8&qid=1496672320"
"3","https://www.amazon.co.jp/s/ref=sr_pg_2/357-0333775-0307931?rh=i%3Aaps%2Ck%3A%E3%82%A8%E3%83%AC%E3%82%B3%E3%83%A0&page=8&sort=smooth-review-rank&keywords=%E3%82%A8%E3%83%AC%E3%82%B3%E3%83%A0&ie=UTF8&qid=1496672320"
"3","https://www.amazon.co.jp/s/ref=sr_pg_2/357-0333775-0307931?rh=i%3Aaps%2Ck%3A%E3%82%A8%E3%83%AC%E3%82%B3%E3%83%A0&page=9&sort=smooth-review-rank&keywords=%E3%82%A8%E3%83%AC%E3%82%B3%E3%83%A0&ie=UTF8&qid=1496672320"
"3","https://www.amazon.co.jp/s/ref=sr_pg_2/357-0333775-0307931?rh=i%3Aaps%2Ck%3A%E3%82%A8%E3%83%AC%E3%82%B3%E3%83%A0&page=10&sort=smooth-review-rank&keywords=%E3%82%A8%E3%83%AC%E3%82%B3%E3%83%A0&ie=UTF8&qid=1496672320"
"3","https://www.amazon.co.jp/s/ref=sr_pg_2/357-0333775-0307931?rh=i%3Aaps%2Ck%3A%E3%82%A8%E3%83%AC%E3%82%B3%E3%83%A0&page=11&sort=smooth-review-rank&keywords=%E3%82%A8%E3%83%AC%E3%82%B3%E3%83%A0&ie=UTF8&qid=1496672320"
"3","https://www.amazon.co.jp/s/ref=sr_pg_2/357-0333775-0307931?rh=i%3Aaps%2Ck%3A%E3%82%A8%E3%83%AC%E3%82%B3%E3%83%A0&page=12&sort=smooth-review-rank&keywords=%E3%82%A8%E3%83%AC%E3%82%B3%E3%83%A0&ie=UTF8&qid=1496672320"
"3","https://www.amazon.co.jp/s/ref=sr_pg_2/357-0333775-0307931?rh=i%3Aaps%2Ck%3A%E3%82%A8%E3%83%AC%E3%82%B3%E3%83%A0&page=13&sort=smooth-review-rank&keywords=%E3%82%A8%E3%83%AC%E3%82%B3%E3%83%A0&ie=UTF8&qid=1496672320"
"3","https://www.amazon.co.jp/s/ref=sr_pg_2/357-0333775-0307931?rh=i%3Aaps%2Ck%3A%E3%82%A8%E3%83%AC%E3%82%B3%E3%83%A0&page=14&sort=smooth-review-rank&keywords=%E3%82%A8%E3%83%AC%E3%82%B3%E3%83%A0&ie=UTF8&qid=1496672320"
"3","https://www.amazon.co.jp/s/ref=sr_pg_2/357-0333775-0307931?rh=i%3Aaps%2Ck%3A%E3%82%A8%E3%83%AC%E3%82%B3%E3%83%A0&page=15&sort=smooth-review-rank&keywords=%E3%82%A8%E3%83%AC%E3%82%B3%E3%83%A0&ie=UTF8&qid=1496672320"
"3","https://www.amazon.co.jp/s/ref=sr_pg_2/357-0333775-0307931?rh=i%3Aaps%2Ck%3A%E3%82%A8%E3%83%AC%E3%82%B3%E3%83%A0&page=16&sort=smooth-review-rank&keywords=%E3%82%A8%E3%83%AC%E3%82%B3%E3%83%A0&ie=UTF8&qid=1496672320"
"3","https://www.amazon.co.jp/s/ref=sr_pg_2/357-0333775-0307931?rh=i%3Aaps%2Ck%3A%E3%82%A8%E3%83%AC%E3%82%B3%E3%83%A0&page=17&sort=smooth-review-rank&keywords=%E3%82%A8%E3%83%AC%E3%82%B3%E3%83%A0&ie=UTF8&qid=1496672320"
"3","https://www.amazon.co.jp/s/ref=sr_pg_2/357-0333775-0307931?rh=i%3Aaps%2Ck%3A%E3%82%A8%E3%83%AC%E3%82%B3%E3%83%A0&page=18&sort=smooth-review-rank&keywords=%E3%82%A8%E3%83%AC%E3%82%B3%E3%83%A0&ie=UTF8&qid=1496672320"
"3","https://www.amazon.co.jp/s/ref=sr_pg_2/357-0333775-0307931?rh=i%3Aaps%2Ck%3A%E3%82%A8%E3%83%AC%E3%82%B3%E3%83%A0&page=19&sort=smooth-review-rank&keywords=%E3%82%A8%E3%83%AC%E3%82%B3%E3%83%A0&ie=UTF8&qid=1496672320"
"3","https://www.amazon.co.jp/s/ref=sr_pg_2/357-0333775-0307931?rh=i%3Aaps%2Ck%3A%E3%82%A8%E3%83%AC%E3%82%B3%E3%83%A0&page=20&sort=smooth-review-rank&keywords=%E3%82%A8%E3%83%AC%E3%82%B3%E3%83%A0&ie=UTF8&qid=1496672320"

"2","http://search.rakuten.co.jp/search/mall/%E3%82%A8%E3%83%AC%E3%82%B3%E3%83%A0/?p=1"
"2","http://search.rakuten.co.jp/search/mall/%E3%82%A8%E3%83%AC%E3%82%B3%E3%83%A0/?p=2"
"2","http://search.rakuten.co.jp/search/mall/%E3%82%A8%E3%83%AC%E3%82%B3%E3%83%A0/?p=3"
"2","http://search.rakuten.co.jp/search/mall/%E3%82%A8%E3%83%AC%E3%82%B3%E3%83%A0/?p=4"
"2","http://search.rakuten.co.jp/search/mall/%E3%82%A8%E3%83%AC%E3%82%B3%E3%83%A0/?p=5"
"2","http://search.rakuten.co.jp/search/mall/%E3%82%A8%E3%83%AC%E3%82%B3%E3%83%A0/?p=6"
"2","http://search.rakuten.co.jp/search/mall/%E3%82%A8%E3%83%AC%E3%82%B3%E3%83%A0/?p=7"
"2","http://search.rakuten.co.jp/search/mall/%E3%82%A8%E3%83%AC%E3%82%B3%E3%83%A0/?p=8"
"2","http://search.rakuten.co.jp/search/mall/%E3%82%A8%E3%83%AC%E3%82%B3%E3%83%A0/?p=9"
"2","http://search.rakuten.co.jp/search/mall/%E3%82%A8%E3%83%AC%E3%82%B3%E3%83%A0/?p=10"
"2","http://search.rakuten.co.jp/search/mall/%E3%82%A8%E3%83%AC%E3%82%B3%E3%83%A0/?p=11"
"2","http://search.rakuten.co.jp/search/mall/%E3%82%A8%E3%83%AC%E3%82%B3%E3%83%A0/?p=12"
"2","http://search.rakuten.co.jp/search/mall/%E3%82%A8%E3%83%AC%E3%82%B3%E3%83%A0/?p=13"
"2","http://search.rakuten.co.jp/search/mall/%E3%82%A8%E3%83%AC%E3%82%B3%E3%83%A0/?p=14"
"2","http://search.rakuten.co.jp/search/mall/%E3%82%A8%E3%83%AC%E3%82%B3%E3%83%A0/?p=15"
"2","http://search.rakuten.co.jp/search/mall/%E3%82%A8%E3%83%AC%E3%82%B3%E3%83%A0/?p=16"
"2","http://search.rakuten.co.jp/search/mall/%E3%82%A8%E3%83%AC%E3%82%B3%E3%83%A0/?p=17"
"2","http://search.rakuten.co.jp/search/mall/%E3%82%A8%E3%83%AC%E3%82%B3%E3%83%A0/?p=18"
"2","http://search.rakuten.co.jp/search/mall/%E3%82%A8%E3%83%AC%E3%82%B3%E3%83%A0/?p=19"
"2","http://search.rakuten.co.jp/search/mall/%E3%82%A8%E3%83%AC%E3%82%B3%E3%83%A0/?p=20"
"2","http://search.rakuten.co.jp/search/mall/%E3%82%A8%E3%83%AC%E3%82%B3%E3%83%A0/?p=21"
"2","http://search.rakuten.co.jp/search/mall/%E3%82%A8%E3%83%AC%E3%82%B3%E3%83%A0/?p=22"
"2","http://search.rakuten.co.jp/search/mall/%E3%82%A8%E3%83%AC%E3%82%B3%E3%83%A0/?p=23"
"2","http://search.rakuten.co.jp/search/mall/%E3%82%A8%E3%83%AC%E3%82%B3%E3%83%A0/?p=24"
"2","http://search.rakuten.co.jp/search/mall/%E3%82%A8%E3%83%AC%E3%82%B3%E3%83%A0/?p=25"
"2","http://search.rakuten.co.jp/search/mall/%E3%82%A8%E3%83%AC%E3%82%B3%E3%83%A0/?p=26"
"2","http://search.rakuten.co.jp/search/mall/%E3%82%A8%E3%83%AC%E3%82%B3%E3%83%A0/?p=27"
"2","http://search.rakuten.co.jp/search/mall/%E3%82%A8%E3%83%AC%E3%82%B3%E3%83%A0/?p=28"
"2","http://search.rakuten.co.jp/search/mall/%E3%82%A8%E3%83%AC%E3%82%B3%E3%83%A0/?p=29"
"2","http://search.rakuten.co.jp/search/mall/%E3%82%A8%E3%83%AC%E3%82%B3%E3%83%A0/?p=30"
"2","http://search.rakuten.co.jp/search/mall/%E3%82%A8%E3%83%AC%E3%82%B3%E3%83%A0/?p=31"
"2","http://search.rakuten.co.jp/search/mall/%E3%82%A8%E3%83%AC%E3%82%B3%E3%83%A0/?p=32"
"2","http://search.rakuten.co.jp/search/mall/%E3%82%A8%E3%83%AC%E3%82%B3%E3%83%A0/?p=33"
"2","http://search.rakuten.co.jp/search/mall/%E3%82%A8%E3%83%AC%E3%82%B3%E3%83%A0/?p=34"
"2","http://search.rakuten.co.jp/search/mall/%E3%82%A8%E3%83%AC%E3%82%B3%E3%83%A0/?p=35"
"2","http://search.rakuten.co.jp/search/mall/%E3%82%A8%E3%83%AC%E3%82%B3%E3%83%A0/?p=36"
"2","http://search.rakuten.co.jp/search/mall/%E3%82%A8%E3%83%AC%E3%82%B3%E3%83%A0/?p=37"
"2","http://search.rakuten.co.jp/search/mall/%E3%82%A8%E3%83%AC%E3%82%B3%E3%83%A0/?p=38"
"2","http://search.rakuten.co.jp/search/mall/%E3%82%A8%E3%83%AC%E3%82%B3%E3%83%A0/?p=39"
"2","http://search.rakuten.co.jp/search/mall/%E3%82%A8%E3%83%AC%E3%82%B3%E3%83%A0/?p=40"
"2","http://search.rakuten.co.jp/search/mall/%E3%82%A8%E3%83%AC%E3%82%B3%E3%83%A0/?p=41"
"2","http://search.rakuten.co.jp/search/mall/%E3%82%A8%E3%83%AC%E3%82%B3%E3%83%A0/?p=42"
"2","http://search.rakuten.co.jp/search/mall/%E3%82%A8%E3%83%AC%E3%82%B3%E3%83%A0/?p=43"
"2","http://search.rakuten.co.jp/search/mall/%E3%82%A8%E3%83%AC%E3%82%B3%E3%83%A0/?p=44"
"2","http://search.rakuten.co.jp/search/mall/%E3%82%A8%E3%83%AC%E3%82%B3%E3%83%A0/?p=45"
"2","http://search.rakuten.co.jp/search/mall/%E3%82%A8%E3%83%AC%E3%82%B3%E3%83%A0/?p=46"
"2","http://search.rakuten.co.jp/search/mall/%E3%82%A8%E3%83%AC%E3%82%B3%E3%83%A0/?p=47"
"2","http://search.rakuten.co.jp/search/mall/%E3%82%A8%E3%83%AC%E3%82%B3%E3%83%A0/?p=48"
"2","http://search.rakuten.co.jp/search/mall/%E3%82%A8%E3%83%AC%E3%82%B3%E3%83%A0/?p=49"
"2","http://search.rakuten.co.jp/search/mall/%E3%82%A8%E3%83%AC%E3%82%B3%E3%83%A0/?p=50"
"2","http://search.rakuten.co.jp/search/mall/%E3%82%A8%E3%83%AC%E3%82%B3%E3%83%A0/?p=51"
"2","http://search.rakuten.co.jp/search/mall/%E3%82%A8%E3%83%AC%E3%82%B3%E3%83%A0/?p=52"
"2","http://search.rakuten.co.jp/search/mall/%E3%82%A8%E3%83%AC%E3%82%B3%E3%83%A0/?p=53"
"2","http://search.rakuten.co.jp/search/mall/%E3%82%A8%E3%83%AC%E3%82%B3%E3%83%A0/?p=54"
"2","http://search.rakuten.co.jp/search/mall/%E3%82%A8%E3%83%AC%E3%82%B3%E3%83%A0/?p=55"
"2","http://search.rakuten.co.jp/search/mall/%E3%82%A8%E3%83%AC%E3%82%B3%E3%83%A0/?p=56"
"2","http://search.rakuten.co.jp/search/mall/%E3%82%A8%E3%83%AC%E3%82%B3%E3%83%A0/?p=57"
"2","http://search.rakuten.co.jp/search/mall/%E3%82%A8%E3%83%AC%E3%82%B3%E3%83%A0/?p=58"
"2","http://search.rakuten.co.jp/search/mall/%E3%82%A8%E3%83%AC%E3%82%B3%E3%83%A0/?p=59"
"2","http://search.rakuten.co.jp/search/mall/%E3%82%A8%E3%83%AC%E3%82%B3%E3%83%A0/?p=60"
"2","http://search.rakuten.co.jp/search/mall/%E3%82%A8%E3%83%AC%E3%82%B3%E3%83%A0/?p=61"
"2","http://search.rakuten.co.jp/search/mall/%E3%82%A8%E3%83%AC%E3%82%B3%E3%83%A0/?p=62"
"2","http://search.rakuten.co.jp/search/mall/%E3%82%A8%E3%83%AC%E3%82%B3%E3%83%A0/?p=63"
"2","http://search.rakuten.co.jp/search/mall/%E3%82%A8%E3%83%AC%E3%82%B3%E3%83%A0/?p=64"
"2","http://search.rakuten.co.jp/search/mall/%E3%82%A8%E3%83%AC%E3%82%B3%E3%83%A0/?p=65"
"2","http://search.rakuten.co.jp/search/mall/%E3%82%A8%E3%83%AC%E3%82%B3%E3%83%A0/?p=66"
"2","http://search.rakuten.co.jp/search/mall/%E3%82%A8%E3%83%AC%E3%82%B3%E3%83%A0/?p=67"
"2","http://search.rakuten.co.jp/search/mall/%E3%82%A8%E3%83%AC%E3%82%B3%E3%83%A0/?p=68"
"2","http://search.rakuten.co.jp/search/mall/%E3%82%A8%E3%83%AC%E3%82%B3%E3%83%A0/?p=69"
"2","http://search.rakuten.co.jp/search/mall/%E3%82%A8%E3%83%AC%E3%82%B3%E3%83%A0/?p=70"
"2","http://search.rakuten.co.jp/search/mall/%E3%82%A8%E3%83%AC%E3%82%B3%E3%83%A0/?p=71"
"2","http://search.rakuten.co.jp/search/mall/%E3%82%A8%E3%83%AC%E3%82%B3%E3%83%A0/?p=72"
"2","http://search.rakuten.co.jp/search/mall/%E3%82%A8%E3%83%AC%E3%82%B3%E3%83%A0/?p=73"
"2","http://search.rakuten.co.jp/search/mall/%E3%82%A8%E3%83%AC%E3%82%B3%E3%83%A0/?p=74"
"2","http://search.rakuten.co.jp/search/mall/%E3%82%A8%E3%83%AC%E3%82%B3%E3%83%A0/?p=75"
"2","http://search.rakuten.co.jp/search/mall/%E3%82%A8%E3%83%AC%E3%82%B3%E3%83%A0/?p=76"
"2","http://search.rakuten.co.jp/search/mall/%E3%82%A8%E3%83%AC%E3%82%B3%E3%83%A0/?p=77"
"2","http://search.rakuten.co.jp/search/mall/%E3%82%A8%E3%83%AC%E3%82%B3%E3%83%A0/?p=78"
"2","http://search.rakuten.co.jp/search/mall/%E3%82%A8%E3%83%AC%E3%82%B3%E3%83%A0/?p=79"
"2","http://search.rakuten.co.jp/search/mall/%E3%82%A8%E3%83%AC%E3%82%B3%E3%83%A0/?p=80"
"2","http://search.rakuten.co.jp/search/mall/%E3%82%A8%E3%83%AC%E3%82%B3%E3%83%A0/?p=81"
"2","http://search.rakuten.co.jp/search/mall/%E3%82%A8%E3%83%AC%E3%82%B3%E3%83%A0/?p=82"
"2","http://search.rakuten.co.jp/search/mall/%E3%82%A8%E3%83%AC%E3%82%B3%E3%83%A0/?p=83"
"2","http://search.rakuten.co.jp/search/mall/%E3%82%A8%E3%83%AC%E3%82%B3%E3%83%A0/?p=84"
"2","http://search.rakuten.co.jp/search/mall/%E3%82%A8%E3%83%AC%E3%82%B3%E3%83%A0/?p=85"
"2","http://search.rakuten.co.jp/search/mall/%E3%82%A8%E3%83%AC%E3%82%B3%E3%83%A0/?p=86"
"2","http://search.rakuten.co.jp/search/mall/%E3%82%A8%E3%83%AC%E3%82%B3%E3%83%A0/?p=87"
"2","http://search.rakuten.co.jp/search/mall/%E3%82%A8%E3%83%AC%E3%82%B3%E3%83%A0/?p=88"
"2","http://search.rakuten.co.jp/search/mall/%E3%82%A8%E3%83%AC%E3%82%B3%E3%83%A0/?p=89"
"2","http://search.rakuten.co.jp/search/mall/%E3%82%A8%E3%83%AC%E3%82%B3%E3%83%A0/?p=90"
"2","http://search.rakuten.co.jp/search/mall/%E3%82%A8%E3%83%AC%E3%82%B3%E3%83%A0/?p=91"
"2","http://search.rakuten.co.jp/search/mall/%E3%82%A8%E3%83%AC%E3%82%B3%E3%83%A0/?p=92"
"2","http://search.rakuten.co.jp/search/mall/%E3%82%A8%E3%83%AC%E3%82%B3%E3%83%A0/?p=93"
"2","http://search.rakuten.co.jp/search/mall/%E3%82%A8%E3%83%AC%E3%82%B3%E3%83%A0/?p=94"
"2","http://search.rakuten.co.jp/search/mall/%E3%82%A8%E3%83%AC%E3%82%B3%E3%83%A0/?p=95"
"2","http://search.rakuten.co.jp/search/mall/%E3%82%A8%E3%83%AC%E3%82%B3%E3%83%A0/?p=96"
"2","http://search.rakuten.co.jp/search/mall/%E3%82%A8%E3%83%AC%E3%82%B3%E3%83%A0/?p=97"
"2","http://search.rakuten.co.jp/search/mall/%E3%82%A8%E3%83%AC%E3%82%B3%E3%83%A0/?p=98"
"2","http://search.rakuten.co.jp/search/mall/%E3%82%A8%E3%83%AC%E3%82%B3%E3%83%A0/?p=99"
"2","http://search.rakuten.co.jp/search/mall/%E3%82%A8%E3%83%AC%E3%82%B3%E3%83%A0/?p=100"
"2","http://search.rakuten.co.jp/search/mall/%E3%82%A8%E3%83%AC%E3%82%B3%E3%83%A0/?p=101"
"2","http://search.rakuten.co.jp/search/mall/%E3%82%A8%E3%83%AC%E3%82%B3%E3%83%A0/?p=102"
"2","http://search.rakuten.co.jp/search/mall/%E3%82%A8%E3%83%AC%E3%82%B3%E3%83%A0/?p=103"
"2","http://search.rakuten.co.jp/search/mall/%E3%82%A8%E3%83%AC%E3%82%B3%E3%83%A0/?p=104"
"2","http://search.rakuten.co.jp/search/mall/%E3%82%A8%E3%83%AC%E3%82%B3%E3%83%A0/?p=105"
"2","http://search.rakuten.co.jp/search/mall/%E3%82%A8%E3%83%AC%E3%82%B3%E3%83%A0/?p=106"
"2","http://search.rakuten.co.jp/search/mall/%E3%82%A8%E3%83%AC%E3%82%B3%E3%83%A0/?p=107"
"2","http://search.rakuten.co.jp/search/mall/%E3%82%A8%E3%83%AC%E3%82%B3%E3%83%A0/?p=108"
"2","http://search.rakuten.co.jp/search/mall/%E3%82%A8%E3%83%AC%E3%82%B3%E3%83%A0/?p=109"
"2","http://search.rakuten.co.jp/search/mall/%E3%82%A8%E3%83%AC%E3%82%B3%E3%83%A0/?p=110"
"2","http://search.rakuten.co.jp/search/mall/%E3%82%A8%E3%83%AC%E3%82%B3%E3%83%A0/?p=111"
"2","http://search.rakuten.co.jp/search/mall/%E3%82%A8%E3%83%AC%E3%82%B3%E3%83%A0/?p=112"
"2","http://search.rakuten.co.jp/search/mall/%E3%82%A8%E3%83%AC%E3%82%B3%E3%83%A0/?p=113"
"2","http://search.rakuten.co.jp/search/mall/%E3%82%A8%E3%83%AC%E3%82%B3%E3%83%A0/?p=114"
"2","http://search.rakuten.co.jp/search/mall/%E3%82%A8%E3%83%AC%E3%82%B3%E3%83%A0/?p=115"
"2","http://search.rakuten.co.jp/search/mall/%E3%82%A8%E3%83%AC%E3%82%B3%E3%83%A0/?p=116"
"2","http://search.rakuten.co.jp/search/mall/%E3%82%A8%E3%83%AC%E3%82%B3%E3%83%A0/?p=117"
"2","http://search.rakuten.co.jp/search/mall/%E3%82%A8%E3%83%AC%E3%82%B3%E3%83%A0/?p=118"
"2","http://search.rakuten.co.jp/search/mall/%E3%82%A8%E3%83%AC%E3%82%B3%E3%83%A0/?p=119"
"2","http://search.rakuten.co.jp/search/mall/%E3%82%A8%E3%83%AC%E3%82%B3%E3%83%A0/?p=120"
"2","http://search.rakuten.co.jp/search/mall/%E3%82%A8%E3%83%AC%E3%82%B3%E3%83%A0/?p=121"
"2","http://search.rakuten.co.jp/search/mall/%E3%82%A8%E3%83%AC%E3%82%B3%E3%83%A0/?p=122"
"2","http://search.rakuten.co.jp/search/mall/%E3%82%A8%E3%83%AC%E3%82%B3%E3%83%A0/?p=123"
"2","http://search.rakuten.co.jp/search/mall/%E3%82%A8%E3%83%AC%E3%82%B3%E3%83%A0/?p=124"
"2","http://search.rakuten.co.jp/search/mall/%E3%82%A8%E3%83%AC%E3%82%B3%E3%83%A0/?p=125"
"2","http://search.rakuten.co.jp/search/mall/%E3%82%A8%E3%83%AC%E3%82%B3%E3%83%A0/?p=126"
"2","http://search.rakuten.co.jp/search/mall/%E3%82%A8%E3%83%AC%E3%82%B3%E3%83%A0/?p=127"
"2","http://search.rakuten.co.jp/search/mall/%E3%82%A8%E3%83%AC%E3%82%B3%E3%83%A0/?p=128"
"2","http://search.rakuten.co.jp/search/mall/%E3%82%A8%E3%83%AC%E3%82%B3%E3%83%A0/?p=129"
"2","http://search.rakuten.co.jp/search/mall/%E3%82%A8%E3%83%AC%E3%82%B3%E3%83%A0/?p=130"
"2","http://search.rakuten.co.jp/search/mall/%E3%82%A8%E3%83%AC%E3%82%B3%E3%83%A0/?p=131"
"2","http://search.rakuten.co.jp/search/mall/%E3%82%A8%E3%83%AC%E3%82%B3%E3%83%A0/?p=132"
"2","http://search.rakuten.co.jp/search/mall/%E3%82%A8%E3%83%AC%E3%82%B3%E3%83%A0/?p=133"
"2","http://search.rakuten.co.jp/search/mall/%E3%82%A8%E3%83%AC%E3%82%B3%E3%83%A0/?p=134"
"2","http://search.rakuten.co.jp/search/mall/%E3%82%A8%E3%83%AC%E3%82%B3%E3%83%A0/?p=135"
"2","http://search.rakuten.co.jp/search/mall/%E3%82%A8%E3%83%AC%E3%82%B3%E3%83%A0/?p=136"
"2","http://search.rakuten.co.jp/search/mall/%E3%82%A8%E3%83%AC%E3%82%B3%E3%83%A0/?p=137"
"2","http://search.rakuten.co.jp/search/mall/%E3%82%A8%E3%83%AC%E3%82%B3%E3%83%A0/?p=138"
"2","http://search.rakuten.co.jp/search/mall/%E3%82%A8%E3%83%AC%E3%82%B3%E3%83%A0/?p=139"
"2","http://search.rakuten.co.jp/search/mall/%E3%82%A8%E3%83%AC%E3%82%B3%E3%83%A0/?p=140"
"2","http://search.rakuten.co.jp/search/mall/%E3%82%A8%E3%83%AC%E3%82%B3%E3%83%A0/?p=141"
"2","http://search.rakuten.co.jp/search/mall/%E3%82%A8%E3%83%AC%E3%82%B3%E3%83%A0/?p=142"
"2","http://search.rakuten.co.jp/search/mall/%E3%82%A8%E3%83%AC%E3%82%B3%E3%83%A0/?p=143"
"2","http://search.rakuten.co.jp/search/mall/%E3%82%A8%E3%83%AC%E3%82%B3%E3%83%A0/?p=144"
"2","http://search.rakuten.co.jp/search/mall/%E3%82%A8%E3%83%AC%E3%82%B3%E3%83%A0/?p=145"
"2","http://search.rakuten.co.jp/search/mall/%E3%82%A8%E3%83%AC%E3%82%B3%E3%83%A0/?p=146"
"2","http://search.rakuten.co.jp/search/mall/%E3%82%A8%E3%83%AC%E3%82%B3%E3%83%A0/?p=147"
"2","http://search.rakuten.co.jp/search/mall/%E3%82%A8%E3%83%AC%E3%82%B3%E3%83%A0/?p=148"
"2","http://search.rakuten.co.jp/search/mall/%E3%82%A8%E3%83%AC%E3%82%B3%E3%83%A0/?p=149"
"2","http://search.rakuten.co.jp/search/mall/%E3%82%A8%E3%83%AC%E3%82%B3%E3%83%A0/?p=150""1","http://www.yamada-denkiweb.com/search/%E3%82%A8%E3%83%AC%E3%82%B3%E3%83%A0/?s9%5B%5D=yamadamobile&s9%5B%5D=ad&o=0"
"1","http://www.yamada-denkiweb.com/search/%E3%82%A8%E3%83%AC%E3%82%B3%E3%83%A0/?s9%5B%5D=yamadamobile&s9%5B%5D=ad&o=20"
"1","http://www.yamada-denkiweb.com/search/%E3%82%A8%E3%83%AC%E3%82%B3%E3%83%A0/?s9%5B%5D=yamadamobile&s9%5B%5D=ad&o=40"
"1","http://www.yamada-denkiweb.com/search/%E3%82%A8%E3%83%AC%E3%82%B3%E3%83%A0/?s9%5B%5D=yamadamobile&s9%5B%5D=ad&o=60"
"1","http://www.yamada-denkiweb.com/search/%E3%82%A8%E3%83%AC%E3%82%B3%E3%83%A0/?s9%5B%5D=yamadamobile&s9%5B%5D=ad&o=80"
"1","http://www.yamada-denkiweb.com/search/%E3%82%A8%E3%83%AC%E3%82%B3%E3%83%A0/?s9%5B%5D=yamadamobile&s9%5B%5D=ad&o=100"
"1","http://www.yamada-denkiweb.com/search/%E3%82%A8%E3%83%AC%E3%82%B3%E3%83%A0/?s9%5B%5D=yamadamobile&s9%5B%5D=ad&o=120"
"1","http://www.yamada-denkiweb.com/search/%E3%82%A8%E3%83%AC%E3%82%B3%E3%83%A0/?s9%5B%5D=yamadamobile&s9%5B%5D=ad&o=140"
"1","http://www.yamada-denkiweb.com/search/%E3%82%A8%E3%83%AC%E3%82%B3%E3%83%A0/?s9%5B%5D=yamadamobile&s9%5B%5D=ad&o=160"
"1","http://www.yamada-denkiweb.com/search/%E3%82%A8%E3%83%AC%E3%82%B3%E3%83%A0/?s9%5B%5D=yamadamobile&s9%5B%5D=ad&o=180"
"1","http://www.yamada-denkiweb.com/search/%E3%82%A8%E3%83%AC%E3%82%B3%E3%83%A0/?s9%5B%5D=yamadamobile&s9%5B%5D=ad&o=200"
"1","http://www.yamada-denkiweb.com/search/%E3%82%A8%E3%83%AC%E3%82%B3%E3%83%A0/?s9%5B%5D=yamadamobile&s9%5B%5D=ad&o=220"
"1","http://www.yamada-denkiweb.com/search/%E3%82%A8%E3%83%AC%E3%82%B3%E3%83%A0/?s9%5B%5D=yamadamobile&s9%5B%5D=ad&o=240"
"1","http://www.yamada-denkiweb.com/search/%E3%82%A8%E3%83%AC%E3%82%B3%E3%83%A0/?s9%5B%5D=yamadamobile&s9%5B%5D=ad&o=260"
"1","http://www.yamada-denkiweb.com/search/%E3%82%A8%E3%83%AC%E3%82%B3%E3%83%A0/?s9%5B%5D=yamadamobile&s9%5B%5D=ad&o=280"
"1","http://www.yamada-denkiweb.com/search/%E3%82%A8%E3%83%AC%E3%82%B3%E3%83%A0/?s9%5B%5D=yamadamobile&s9%5B%5D=ad&o=300"
"1","http://www.yamada-denkiweb.com/search/%E3%82%A8%E3%83%AC%E3%82%B3%E3%83%A0/?s9%5B%5D=yamadamobile&s9%5B%5D=ad&o=320"
"1","http://www.yamada-denkiweb.com/search/%E3%82%A8%E3%83%AC%E3%82%B3%E3%83%A0/?s9%5B%5D=yamadamobile&s9%5B%5D=ad&o=340"
"1","http://www.yamada-denkiweb.com/search/%E3%82%A8%E3%83%AC%E3%82%B3%E3%83%A0/?s9%5B%5D=yamadamobile&s9%5B%5D=ad&o=360"
"1","http://www.yamada-denkiweb.com/search/%E3%82%A8%E3%83%AC%E3%82%B3%E3%83%A0/?s9%5B%5D=yamadamobile&s9%5B%5D=ad&o=380"
"1","http://www.yamada-denkiweb.com/search/%E3%82%A8%E3%83%AC%E3%82%B3%E3%83%A0/?s9%5B%5D=yamadamobile&s9%5B%5D=ad&o=400"
"1","http://www.yamada-denkiweb.com/search/%E3%82%A8%E3%83%AC%E3%82%B3%E3%83%A0/?s9%5B%5D=yamadamobile&s9%5B%5D=ad&o=420"
"1","http://www.yamada-denkiweb.com/search/%E3%82%A8%E3%83%AC%E3%82%B3%E3%83%A0/?s9%5B%5D=yamadamobile&s9%5B%5D=ad&o=440"
"1","http://www.yamada-denkiweb.com/search/%E3%82%A8%E3%83%AC%E3%82%B3%E3%83%A0/?s9%5B%5D=yamadamobile&s9%5B%5D=ad&o=460"
"1","http://www.yamada-denkiweb.com/search/%E3%82%A8%E3%83%AC%E3%82%B3%E3%83%A0/?s9%5B%5D=yamadamobile&s9%5B%5D=ad&o=480"
"1","http://www.yamada-denkiweb.com/search/%E3%82%A8%E3%83%AC%E3%82%B3%E3%83%A0/?s9%5B%5D=yamadamobile&s9%5B%5D=ad&o=500"
"1","http://www.yamada-denkiweb.com/search/%E3%82%A8%E3%83%AC%E3%82%B3%E3%83%A0/?s9%5B%5D=yamadamobile&s9%5B%5D=ad&o=520"
"1","http://www.yamada-denkiweb.com/search/%E3%82%A8%E3%83%AC%E3%82%B3%E3%83%A0/?s9%5B%5D=yamadamobile&s9%5B%5D=ad&o=540"
"1","http://www.yamada-denkiweb.com/search/%E3%82%A8%E3%83%AC%E3%82%B3%E3%83%A0/?s9%5B%5D=yamadamobile&s9%5B%5D=ad&o=560"
"1","http://www.yamada-denkiweb.com/search/%E3%82%A8%E3%83%AC%E3%82%B3%E3%83%A0/?s9%5B%5D=yamadamobile&s9%5B%5D=ad&o=580"
"1","http://www.yamada-denkiweb.com/search/%E3%82%A8%E3%83%AC%E3%82%B3%E3%83%A0/?s9%5B%5D=yamadamobile&s9%5B%5D=ad&o=600"
"1","http://www.yamada-denkiweb.com/search/%E3%82%A8%E3%83%AC%E3%82%B3%E3%83%A0/?s9%5B%5D=yamadamobile&s9%5B%5D=ad&o=620"
"1","http://www.yamada-denkiweb.com/search/%E3%82%A8%E3%83%AC%E3%82%B3%E3%83%A0/?s9%5B%5D=yamadamobile&s9%5B%5D=ad&o=640"
"1","http://www.yamada-denkiweb.com/search/%E3%82%A8%E3%83%AC%E3%82%B3%E3%83%A0/?s9%5B%5D=yamadamobile&s9%5B%5D=ad&o=660"
"1","http://www.yamada-denkiweb.com/search/%E3%82%A8%E3%83%AC%E3%82%B3%E3%83%A0/?s9%5B%5D=yamadamobile&s9%5B%5D=ad&o=680"
"1","http://www.yamada-denkiweb.com/search/%E3%82%A8%E3%83%AC%E3%82%B3%E3%83%A0/?s9%5B%5D=yamadamobile&s9%5B%5D=ad&o=700"
"1","http://www.yamada-denkiweb.com/search/%E3%82%A8%E3%83%AC%E3%82%B3%E3%83%A0/?s9%5B%5D=yamadamobile&s9%5B%5D=ad&o=720"
"1","http://www.yamada-denkiweb.com/search/%E3%82%A8%E3%83%AC%E3%82%B3%E3%83%A0/?s9%5B%5D=yamadamobile&s9%5B%5D=ad&o=740"
"1","http://www.yamada-denkiweb.com/search/%E3%82%A8%E3%83%AC%E3%82%B3%E3%83%A0/?s9%5B%5D=yamadamobile&s9%5B%5D=ad&o=760"
"1","http://www.yamada-denkiweb.com/search/%E3%82%A8%E3%83%AC%E3%82%B3%E3%83%A0/?s9%5B%5D=yamadamobile&s9%5B%5D=ad&o=780"
"1","http://www.yamada-denkiweb.com/search/%E3%82%A8%E3%83%AC%E3%82%B3%E3%83%A0/?s9%5B%5D=yamadamobile&s9%5B%5D=ad&o=800"
"1","http://www.yamada-denkiweb.com/search/%E3%82%A8%E3%83%AC%E3%82%B3%E3%83%A0/?s9%5B%5D=yamadamobile&s9%5B%5D=ad&o=820"
"1","http://www.yamada-denkiweb.com/search/%E3%82%A8%E3%83%AC%E3%82%B3%E3%83%A0/?s9%5B%5D=yamadamobile&s9%5B%5D=ad&o=840"
"1","http://www.yamada-denkiweb.com/search/%E3%82%A8%E3%83%AC%E3%82%B3%E3%83%A0/?s9%5B%5D=yamadamobile&s9%5B%5D=ad&o=860"
"1","http://www.yamada-denkiweb.com/search/%E3%82%A8%E3%83%AC%E3%82%B3%E3%83%A0/?s9%5B%5D=yamadamobile&s9%5B%5D=ad&o=880"
"1","http://www.yamada-denkiweb.com/search/%E3%82%A8%E3%83%AC%E3%82%B3%E3%83%A0/?s9%5B%5D=yamadamobile&s9%5B%5D=ad&o=900"
"1","http://www.yamada-denkiweb.com/search/%E3%82%A8%E3%83%AC%E3%82%B3%E3%83%A0/?s9%5B%5D=yamadamobile&s9%5B%5D=ad&o=920"
"1","http://www.yamada-denkiweb.com/search/%E3%82%A8%E3%83%AC%E3%82%B3%E3%83%A0/?s9%5B%5D=yamadamobile&s9%5B%5D=ad&o=940"
"1","http://www.yamada-denkiweb.com/search/%E3%82%A8%E3%83%AC%E3%82%B3%E3%83%A0/?s9%5B%5D=yamadamobile&s9%5B%5D=ad&o=960"
"1","http://www.yamada-denkiweb.com/search/%E3%82%A8%E3%83%AC%E3%82%B3%E3%83%A0/?s9%5B%5D=yamadamobile&s9%5B%5D=ad&o=980"
"1","http://www.yamada-denkiweb.com/search/%E3%82%A8%E3%83%AC%E3%82%B3%E3%83%A0/?s9%5B%5D=yamadamobile&s9%5B%5D=ad&o=1000"
"1","http://www.yamada-denkiweb.com/search/%E3%82%A8%E3%83%AC%E3%82%B3%E3%83%A0/?s9%5B%5D=yamadamobile&s9%5B%5D=ad&o=1020"
"1","http://www.yamada-denkiweb.com/search/%E3%82%A8%E3%83%AC%E3%82%B3%E3%83%A0/?s9%5B%5D=yamadamobile&s9%5B%5D=ad&o=1040"
"1","http://www.yamada-denkiweb.com/search/%E3%82%A8%E3%83%AC%E3%82%B3%E3%83%A0/?s9%5B%5D=yamadamobile&s9%5B%5D=ad&o=1060"
"1","http://www.yamada-denkiweb.com/search/%E3%82%A8%E3%83%AC%E3%82%B3%E3%83%A0/?s9%5B%5D=yamadamobile&s9%5B%5D=ad&o=1080"
"1","http://www.yamada-denkiweb.com/search/%E3%82%A8%E3%83%AC%E3%82%B3%E3%83%A0/?s9%5B%5D=yamadamobile&s9%5B%5D=ad&o=1100"
"1","http://www.yamada-denkiweb.com/search/%E3%82%A8%E3%83%AC%E3%82%B3%E3%83%A0/?s9%5B%5D=yamadamobile&s9%5B%5D=ad&o=1120"
"1","http://www.yamada-denkiweb.com/search/%E3%82%A8%E3%83%AC%E3%82%B3%E3%83%A0/?s9%5B%5D=yamadamobile&s9%5B%5D=ad&o=1140"
"1","http://www.yamada-denkiweb.com/search/%E3%82%A8%E3%83%AC%E3%82%B3%E3%83%A0/?s9%5B%5D=yamadamobile&s9%5B%5D=ad&o=1160"
"1","http://www.yamada-denkiweb.com/search/%E3%82%A8%E3%83%AC%E3%82%B3%E3%83%A0/?s9%5B%5D=yamadamobile&s9%5B%5D=ad&o=1180"
"1","http://www.yamada-denkiweb.com/search/%E3%82%A8%E3%83%AC%E3%82%B3%E3%83%A0/?s9%5B%5D=yamadamobile&s9%5B%5D=ad&o=1200"
"1","http://www.yamada-denkiweb.com/search/%E3%82%A8%E3%83%AC%E3%82%B3%E3%83%A0/?s9%5B%5D=yamadamobile&s9%5B%5D=ad&o=1220"
"1","http://www.yamada-denkiweb.com/search/%E3%82%A8%E3%83%AC%E3%82%B3%E3%83%A0/?s9%5B%5D=yamadamobile&s9%5B%5D=ad&o=1240"
"1","http://www.yamada-denkiweb.com/search/%E3%82%A8%E3%83%AC%E3%82%B3%E3%83%A0/?s9%5B%5D=yamadamobile&s9%5B%5D=ad&o=1260"
"1","http://www.yamada-denkiweb.com/search/%E3%82%A8%E3%83%AC%E3%82%B3%E3%83%A0/?s9%5B%5D=yamadamobile&s9%5B%5D=ad&o=1280"
"1","http://www.yamada-denkiweb.com/search/%E3%82%A8%E3%83%AC%E3%82%B3%E3%83%A0/?s9%5B%5D=yamadamobile&s9%5B%5D=ad&o=1300"
"1","http://www.yamada-denkiweb.com/search/%E3%82%A8%E3%83%AC%E3%82%B3%E3%83%A0/?s9%5B%5D=yamadamobile&s9%5B%5D=ad&o=1320"
"1","http://www.yamada-denkiweb.com/search/%E3%82%A8%E3%83%AC%E3%82%B3%E3%83%A0/?s9%5B%5D=yamadamobile&s9%5B%5D=ad&o=1340"
"1","http://www.yamada-denkiweb.com/search/%E3%82%A8%E3%83%AC%E3%82%B3%E3%83%A0/?s9%5B%5D=yamadamobile&s9%5B%5D=ad&o=1360"
"1","http://www.yamada-denkiweb.com/search/%E3%82%A8%E3%83%AC%E3%82%B3%E3%83%A0/?s9%5B%5D=yamadamobile&s9%5B%5D=ad&o=1380"
"1","http://www.yamada-denkiweb.com/search/%E3%82%A8%E3%83%AC%E3%82%B3%E3%83%A0/?s9%5B%5D=yamadamobile&s9%5B%5D=ad&o=1400"
"1","http://www.yamada-denkiweb.com/search/%E3%82%A8%E3%83%AC%E3%82%B3%E3%83%A0/?s9%5B%5D=yamadamobile&s9%5B%5D=ad&o=1420"
"1","http://www.yamada-denkiweb.com/search/%E3%82%A8%E3%83%AC%E3%82%B3%E3%83%A0/?s9%5B%5D=yamadamobile&s9%5B%5D=ad&o=1440"
"1","http://www.yamada-denkiweb.com/search/%E3%82%A8%E3%83%AC%E3%82%B3%E3%83%A0/?s9%5B%5D=yamadamobile&s9%5B%5D=ad&o=1460"
"1","http://www.yamada-denkiweb.com/search/%E3%82%A8%E3%83%AC%E3%82%B3%E3%83%A0/?s9%5B%5D=yamadamobile&s9%5B%5D=ad&o=1480"
"1","http://www.yamada-denkiweb.com/search/%E3%82%A8%E3%83%AC%E3%82%B3%E3%83%A0/?s9%5B%5D=yamadamobile&s9%5B%5D=ad&o=1500"
"1","http://www.yamada-denkiweb.com/search/%E3%82%A8%E3%83%AC%E3%82%B3%E3%83%A0/?s9%5B%5D=yamadamobile&s9%5B%5D=ad&o=1520"
"1","http://www.yamada-denkiweb.com/search/%E3%82%A8%E3%83%AC%E3%82%B3%E3%83%A0/?s9%5B%5D=yamadamobile&s9%5B%5D=ad&o=1540"
"1","http://www.yamada-denkiweb.com/search/%E3%82%A8%E3%83%AC%E3%82%B3%E3%83%A0/?s9%5B%5D=yamadamobile&s9%5B%5D=ad&o=1560"
"1","http://www.yamada-denkiweb.com/search/%E3%82%A8%E3%83%AC%E3%82%B3%E3%83%A0/?s9%5B%5D=yamadamobile&s9%5B%5D=ad&o=1580"
"1","http://www.yamada-denkiweb.com/search/%E3%82%A8%E3%83%AC%E3%82%B3%E3%83%A0/?s9%5B%5D=yamadamobile&s9%5B%5D=ad&o=1600"
"1","http://www.yamada-denkiweb.com/search/%E3%82%A8%E3%83%AC%E3%82%B3%E3%83%A0/?s9%5B%5D=yamadamobile&s9%5B%5D=ad&o=1620"
"1","http://www.yamada-denkiweb.com/search/%E3%82%A8%E3%83%AC%E3%82%B3%E3%83%A0/?s9%5B%5D=yamadamobile&s9%5B%5D=ad&o=1640"
"1","http://www.yamada-denkiweb.com/search/%E3%82%A8%E3%83%AC%E3%82%B3%E3%83%A0/?s9%5B%5D=yamadamobile&s9%5B%5D=ad&o=1660"
"1","http://www.yamada-denkiweb.com/search/%E3%82%A8%E3%83%AC%E3%82%B3%E3%83%A0/?s9%5B%5D=yamadamobile&s9%5B%5D=ad&o=1680"
"1","http://www.yamada-denkiweb.com/search/%E3%82%A8%E3%83%AC%E3%82%B3%E3%83%A0/?s9%5B%5D=yamadamobile&s9%5B%5D=ad&o=1700"
"1","http://www.yamada-denkiweb.com/search/%E3%82%A8%E3%83%AC%E3%82%B3%E3%83%A0/?s9%5B%5D=yamadamobile&s9%5B%5D=ad&o=1720"
"1","http://www.yamada-denkiweb.com/search/%E3%82%A8%E3%83%AC%E3%82%B3%E3%83%A0/?s9%5B%5D=yamadamobile&s9%5B%5D=ad&o=1740"
"1","http://www.yamada-denkiweb.com/search/%E3%82%A8%E3%83%AC%E3%82%B3%E3%83%A0/?s9%5B%5D=yamadamobile&s9%5B%5D=ad&o=1760"
"1","http://www.yamada-denkiweb.com/search/%E3%82%A8%E3%83%AC%E3%82%B3%E3%83%A0/?s9%5B%5D=yamadamobile&s9%5B%5D=ad&o=1780"
"1","http://www.yamada-denkiweb.com/search/%E3%82%A8%E3%83%AC%E3%82%B3%E3%83%A0/?s9%5B%5D=yamadamobile&s9%5B%5D=ad&o=1800"
"1","http://www.yamada-denkiweb.com/search/%E3%82%A8%E3%83%AC%E3%82%B3%E3%83%A0/?s9%5B%5D=yamadamobile&s9%5B%5D=ad&o=1820"
"1","http://www.yamada-denkiweb.com/search/%E3%82%A8%E3%83%AC%E3%82%B3%E3%83%A0/?s9%5B%5D=yamadamobile&s9%5B%5D=ad&o=1840"
"1","http://www.yamada-denkiweb.com/search/%E3%82%A8%E3%83%AC%E3%82%B3%E3%83%A0/?s9%5B%5D=yamadamobile&s9%5B%5D=ad&o=1860"
"1","http://www.yamada-denkiweb.com/search/%E3%82%A8%E3%83%AC%E3%82%B3%E3%83%A0/?s9%5B%5D=yamadamobile&s9%5B%5D=ad&o=1880"
"1","http://www.yamada-denkiweb.com/search/%E3%82%A8%E3%83%AC%E3%82%B3%E3%83%A0/?s9%5B%5D=yamadamobile&s9%5B%5D=ad&o=1900"
"1","http://www.yamada-denkiweb.com/search/%E3%82%A8%E3%83%AC%E3%82%B3%E3%83%A0/?s9%5B%5D=yamadamobile&s9%5B%5D=ad&o=1920"
"1","http://www.yamada-denkiweb.com/search/%E3%82%A8%E3%83%AC%E3%82%B3%E3%83%A0/?s9%5B%5D=yamadamobile&s9%5B%5D=ad&o=1940"
"1","http://www.yamada-denkiweb.com/search/%E3%82%A8%E3%83%AC%E3%82%B3%E3%83%A0/?s9%5B%5D=yamadamobile&s9%5B%5D=ad&o=1960"
"1","http://www.yamada-denkiweb.com/search/%E3%82%A8%E3%83%AC%E3%82%B3%E3%83%A0/?s9%5B%5D=yamadamobile&s9%5B%5D=ad&o=1980"
"1","http://www.yamada-denkiweb.com/search/%E3%82%A8%E3%83%AC%E3%82%B3%E3%83%A0/?s9%5B%5D=yamadamobile&s9%5B%5D=ad&o=2000"
"1","http://www.yamada-denkiweb.com/search/%E3%82%A8%E3%83%AC%E3%82%B3%E3%83%A0/?s9%5B%5D=yamadamobile&s9%5B%5D=ad&o=2020"
"1","http://www.yamada-denkiweb.com/search/%E3%82%A8%E3%83%AC%E3%82%B3%E3%83%A0/?s9%5B%5D=yamadamobile&s9%5B%5D=ad&o=2040"
"1","http://www.yamada-denkiweb.com/search/%E3%82%A8%E3%83%AC%E3%82%B3%E3%83%A0/?s9%5B%5D=yamadamobile&s9%5B%5D=ad&o=2060"
"1","http://www.yamada-denkiweb.com/search/%E3%82%A8%E3%83%AC%E3%82%B3%E3%83%A0/?s9%5B%5D=yamadamobile&s9%5B%5D=ad&o=2080"
"1","http://www.yamada-denkiweb.com/search/%E3%82%A8%E3%83%AC%E3%82%B3%E3%83%A0/?s9%5B%5D=yamadamobile&s9%5B%5D=ad&o=2100"
"1","http://www.yamada-denkiweb.com/search/%E3%82%A8%E3%83%AC%E3%82%B3%E3%83%A0/?s9%5B%5D=yamadamobile&s9%5B%5D=ad&o=2120"
"1","http://www.yamada-denkiweb.com/search/%E3%82%A8%E3%83%AC%E3%82%B3%E3%83%A0/?s9%5B%5D=yamadamobile&s9%5B%5D=ad&o=2140"
"1","http://www.yamada-denkiweb.com/search/%E3%82%A8%E3%83%AC%E3%82%B3%E3%83%A0/?s9%5B%5D=yamadamobile&s9%5B%5D=ad&o=2160"
"1","http://www.yamada-denkiweb.com/search/%E3%82%A8%E3%83%AC%E3%82%B3%E3%83%A0/?s9%5B%5D=yamadamobile&s9%5B%5D=ad&o=2180"
"1","http://www.yamada-denkiweb.com/search/%E3%82%A8%E3%83%AC%E3%82%B3%E3%83%A0/?s9%5B%5D=yamadamobile&s9%5B%5D=ad&o=2200"
"1","http://www.yamada-denkiweb.com/search/%E3%82%A8%E3%83%AC%E3%82%B3%E3%83%A0/?s9%5B%5D=yamadamobile&s9%5B%5D=ad&o=2220"
"1","http://www.yamada-denkiweb.com/search/%E3%82%A8%E3%83%AC%E3%82%B3%E3%83%A0/?s9%5B%5D=yamadamobile&s9%5B%5D=ad&o=2240"
"1","http://www.yamada-denkiweb.com/search/%E3%82%A8%E3%83%AC%E3%82%B3%E3%83%A0/?s9%5B%5D=yamadamobile&s9%5B%5D=ad&o=2260"
"1","http://www.yamada-denkiweb.com/search/%E3%82%A8%E3%83%AC%E3%82%B3%E3%83%A0/?s9%5B%5D=yamadamobile&s9%5B%5D=ad&o=2280"
"1","http://www.yamada-denkiweb.com/search/%E3%82%A8%E3%83%AC%E3%82%B3%E3%83%A0/?s9%5B%5D=yamadamobile&s9%5B%5D=ad&o=2300"
"1","http://www.yamada-denkiweb.com/search/%E3%82%A8%E3%83%AC%E3%82%B3%E3%83%A0/?s9%5B%5D=yamadamobile&s9%5B%5D=ad&o=2320"
"1","http://www.yamada-denkiweb.com/search/%E3%82%A8%E3%83%AC%E3%82%B3%E3%83%A0/?s9%5B%5D=yamadamobile&s9%5B%5D=ad&o=2340"
"1","http://www.yamada-denkiweb.com/search/%E3%82%A8%E3%83%AC%E3%82%B3%E3%83%A0/?s9%5B%5D=yamadamobile&s9%5B%5D=ad&o=2360"
"1","http://www.yamada-denkiweb.com/search/%E3%82%A8%E3%83%AC%E3%82%B3%E3%83%A0/?s9%5B%5D=yamadamobile&s9%5B%5D=ad&o=2380"
"1","http://www.yamada-denkiweb.com/search/%E3%82%A8%E3%83%AC%E3%82%B3%E3%83%A0/?s9%5B%5D=yamadamobile&s9%5B%5D=ad&o=2400"
"1","http://www.yamada-denkiweb.com/search/%E3%82%A8%E3%83%AC%E3%82%B3%E3%83%A0/?s9%5B%5D=yamadamobile&s9%5B%5D=ad&o=2420"
"1","http://www.yamada-denkiweb.com/search/%E3%82%A8%E3%83%AC%E3%82%B3%E3%83%A0/?s9%5B%5D=yamadamobile&s9%5B%5D=ad&o=2440"
"1","http://www.yamada-denkiweb.com/search/%E3%82%A8%E3%83%AC%E3%82%B3%E3%83%A0/?s9%5B%5D=yamadamobile&s9%5B%5D=ad&o=2460"
"1","http://www.yamada-denkiweb.com/search/%E3%82%A8%E3%83%AC%E3%82%B3%E3%83%A0/?s9%5B%5D=yamadamobile&s9%5B%5D=ad&o=2480"
"1","http://www.yamada-denkiweb.com/search/%E3%82%A8%E3%83%AC%E3%82%B3%E3%83%A0/?s9%5B%5D=yamadamobile&s9%5B%5D=ad&o=2500"
"1","http://www.yamada-denkiweb.com/search/%E3%82%A8%E3%83%AC%E3%82%B3%E3%83%A0/?s9%5B%5D=yamadamobile&s9%5B%5D=ad&o=2520"
"1","http://www.yamada-denkiweb.com/search/%E3%82%A8%E3%83%AC%E3%82%B3%E3%83%A0/?s9%5B%5D=yamadamobile&s9%5B%5D=ad&o=2540"
"1","http://www.yamada-denkiweb.com/search/%E3%82%A8%E3%83%AC%E3%82%B3%E3%83%A0/?s9%5B%5D=yamadamobile&s9%5B%5D=ad&o=2560"
"1","http://www.yamada-denkiweb.com/search/%E3%82%A8%E3%83%AC%E3%82%B3%E3%83%A0/?s9%5B%5D=yamadamobile&s9%5B%5D=ad&o=2580"
"1","http://www.yamada-denkiweb.com/search/%E3%82%A8%E3%83%AC%E3%82%B3%E3%83%A0/?s9%5B%5D=yamadamobile&s9%5B%5D=ad&o=2600"
"1","http://www.yamada-denkiweb.com/search/%E3%82%A8%E3%83%AC%E3%82%B3%E3%83%A0/?s9%5B%5D=yamadamobile&s9%5B%5D=ad&o=2620"
"1","http://www.yamada-denkiweb.com/search/%E3%82%A8%E3%83%AC%E3%82%B3%E3%83%A0/?s9%5B%5D=yamadamobile&s9%5B%5D=ad&o=2640"
"1","http://www.yamada-denkiweb.com/search/%E3%82%A8%E3%83%AC%E3%82%B3%E3%83%A0/?s9%5B%5D=yamadamobile&s9%5B%5D=ad&o=2660"
"1","http://www.yamada-denkiweb.com/search/%E3%82%A8%E3%83%AC%E3%82%B3%E3%83%A0/?s9%5B%5D=yamadamobile&s9%5B%5D=ad&o=2680"
"1","http://www.yamada-denkiweb.com/search/%E3%82%A8%E3%83%AC%E3%82%B3%E3%83%A0/?s9%5B%5D=yamadamobile&s9%5B%5D=ad&o=2700"
"1","http://www.yamada-denkiweb.com/search/%E3%82%A8%E3%83%AC%E3%82%B3%E3%83%A0/?s9%5B%5D=yamadamobile&s9%5B%5D=ad&o=2720"
"1","http://www.yamada-denkiweb.com/search/%E3%82%A8%E3%83%AC%E3%82%B3%E3%83%A0/?s9%5B%5D=yamadamobile&s9%5B%5D=ad&o=2740"
"1","http://www.yamada-denkiweb.com/search/%E3%82%A8%E3%83%AC%E3%82%B3%E3%83%A0/?s9%5B%5D=yamadamobile&s9%5B%5D=ad&o=2760"
"1","http://www.yamada-denkiweb.com/search/%E3%82%A8%E3%83%AC%E3%82%B3%E3%83%A0/?s9%5B%5D=yamadamobile&s9%5B%5D=ad&o=2780"
"1","http://www.yamada-denkiweb.com/search/%E3%82%A8%E3%83%AC%E3%82%B3%E3%83%A0/?s9%5B%5D=yamadamobile&s9%5B%5D=ad&o=2800"
"1","http://www.yamada-denkiweb.com/search/%E3%82%A8%E3%83%AC%E3%82%B3%E3%83%A0/?s9%5B%5D=yamadamobile&s9%5B%5D=ad&o=2820"
"1","http://www.yamada-denkiweb.com/search/%E3%82%A8%E3%83%AC%E3%82%B3%E3%83%A0/?s9%5B%5D=yamadamobile&s9%5B%5D=ad&o=2840"
"1","http://www.yamada-denkiweb.com/search/%E3%82%A8%E3%83%AC%E3%82%B3%E3%83%A0/?s9%5B%5D=yamadamobile&s9%5B%5D=ad&o=2860"
"1","http://www.yamada-denkiweb.com/search/%E3%82%A8%E3%83%AC%E3%82%B3%E3%83%A0/?s9%5B%5D=yamadamobile&s9%5B%5D=ad&o=2880"
"1","http://www.yamada-denkiweb.com/search/%E3%82%A8%E3%83%AC%E3%82%B3%E3%83%A0/?s9%5B%5D=yamadamobile&s9%5B%5D=ad&o=2900"
"1","http://www.yamada-denkiweb.com/search/%E3%82%A8%E3%83%AC%E3%82%B3%E3%83%A0/?s9%5B%5D=yamadamobile&s9%5B%5D=ad&o=2920"
"1","http://www.yamada-denkiweb.com/search/%E3%82%A8%E3%83%AC%E3%82%B3%E3%83%A0/?s9%5B%5D=yamadamobile&s9%5B%5D=ad&o=2940"
"1","http://www.yamada-denkiweb.com/search/%E3%82%A8%E3%83%AC%E3%82%B3%E3%83%A0/?s9%5B%5D=yamadamobile&s9%5B%5D=ad&o=2960"
"1","http://www.yamada-denkiweb.com/search/%E3%82%A8%E3%83%AC%E3%82%B3%E3%83%A0/?s9%5B%5D=yamadamobile&s9%5B%5D=ad&o=2980"
"1","http://www.yamada-denkiweb.com/search/%E3%82%A8%E3%83%AC%E3%82%B3%E3%83%A0/?s9%5B%5D=yamadamobile&s9%5B%5D=ad&o=3000"
"1","http://www.yamada-denkiweb.com/search/%E3%82%A8%E3%83%AC%E3%82%B3%E3%83%A0/?s9%5B%5D=yamadamobile&s9%5B%5D=ad&o=3020"
"1","http://www.yamada-denkiweb.com/search/%E3%82%A8%E3%83%AC%E3%82%B3%E3%83%A0/?s9%5B%5D=yamadamobile&s9%5B%5D=ad&o=3040"
"1","http://www.yamada-denkiweb.com/search/%E3%82%A8%E3%83%AC%E3%82%B3%E3%83%A0/?s9%5B%5D=yamadamobile&s9%5B%5D=ad&o=3060"
"1","http://www.yamada-denkiweb.com/search/%E3%82%A8%E3%83%AC%E3%82%B3%E3%83%A0/?s9%5B%5D=yamadamobile&s9%5B%5D=ad&o=3080"
"1","http://www.yamada-denkiweb.com/search/%E3%82%A8%E3%83%AC%E3%82%B3%E3%83%A0/?s9%5B%5D=yamadamobile&s9%5B%5D=ad&o=3100"
"1","http://www.yamada-denkiweb.com/search/%E3%82%A8%E3%83%AC%E3%82%B3%E3%83%A0/?s9%5B%5D=yamadamobile&s9%5B%5D=ad&o=3120"
"1","http://www.yamada-denkiweb.com/search/%E3%82%A8%E3%83%AC%E3%82%B3%E3%83%A0/?s9%5B%5D=yamadamobile&s9%5B%5D=ad&o=3140"
"1","http://www.yamada-denkiweb.com/search/%E3%82%A8%E3%83%AC%E3%82%B3%E3%83%A0/?s9%5B%5D=yamadamobile&s9%5B%5D=ad&o=3160"
"1","http://www.yamada-denkiweb.com/search/%E3%82%A8%E3%83%AC%E3%82%B3%E3%83%A0/?s9%5B%5D=yamadamobile&s9%5B%5D=ad&o=3180"
"1","http://www.yamada-denkiweb.com/search/%E3%82%A8%E3%83%AC%E3%82%B3%E3%83%A0/?s9%5B%5D=yamadamobile&s9%5B%5D=ad&o=3200"
"1","http://www.yamada-denkiweb.com/search/%E3%82%A8%E3%83%AC%E3%82%B3%E3%83%A0/?s9%5B%5D=yamadamobile&s9%5B%5D=ad&o=3220"
"1","http://www.yamada-denkiweb.com/search/%E3%82%A8%E3%83%AC%E3%82%B3%E3%83%A0/?s9%5B%5D=yamadamobile&s9%5B%5D=ad&o=3240"
"1","http://www.yamada-denkiweb.com/search/%E3%82%A8%E3%83%AC%E3%82%B3%E3%83%A0/?s9%5B%5D=yamadamobile&s9%5B%5D=ad&o=3260"
"1","http://www.yamada-denkiweb.com/search/%E3%82%A8%E3%83%AC%E3%82%B3%E3%83%A0/?s9%5B%5D=yamadamobile&s9%5B%5D=ad&o=3280"
"1","http://www.yamada-denkiweb.com/search/%E3%82%A8%E3%83%AC%E3%82%B3%E3%83%A0/?s9%5B%5D=yamadamobile&s9%5B%5D=ad&o=3300"
"1","http://www.yamada-denkiweb.com/search/%E3%82%A8%E3%83%AC%E3%82%B3%E3%83%A0/?s9%5B%5D=yamadamobile&s9%5B%5D=ad&o=3320"
"1","http://www.yamada-denkiweb.com/search/%E3%82%A8%E3%83%AC%E3%82%B3%E3%83%A0/?s9%5B%5D=yamadamobile&s9%5B%5D=ad&o=3340"
"1","http://www.yamada-denkiweb.com/search/%E3%82%A8%E3%83%AC%E3%82%B3%E3%83%A0/?s9%5B%5D=yamadamobile&s9%5B%5D=ad&o=3360"
"1","http://www.yamada-denkiweb.com/search/%E3%82%A8%E3%83%AC%E3%82%B3%E3%83%A0/?s9%5B%5D=yamadamobile&s9%5B%5D=ad&o=3380"
"1","http://www.yamada-denkiweb.com/search/%E3%82%A8%E3%83%AC%E3%82%B3%E3%83%A0/?s9%5B%5D=yamadamobile&s9%5B%5D=ad&o=3400"
"1","http://www.yamada-denkiweb.com/search/%E3%82%A8%E3%83%AC%E3%82%B3%E3%83%A0/?s9%5B%5D=yamadamobile&s9%5B%5D=ad&o=3420"
"1","http://www.yamada-denkiweb.com/search/%E3%82%A8%E3%83%AC%E3%82%B3%E3%83%A0/?s9%5B%5D=yamadamobile&s9%5B%5D=ad&o=3440"
"1","http://www.yamada-denkiweb.com/search/%E3%82%A8%E3%83%AC%E3%82%B3%E3%83%A0/?s9%5B%5D=yamadamobile&s9%5B%5D=ad&o=3460"
"1","http://www.yamada-denkiweb.com/search/%E3%82%A8%E3%83%AC%E3%82%B3%E3%83%A0/?s9%5B%5D=yamadamobile&s9%5B%5D=ad&o=3480"
"1","http://www.yamada-denkiweb.com/search/%E3%82%A8%E3%83%AC%E3%82%B3%E3%83%A0/?s9%5B%5D=yamadamobile&s9%5B%5D=ad&o=3500"
"1","http://www.yamada-denkiweb.com/search/%E3%82%A8%E3%83%AC%E3%82%B3%E3%83%A0/?s9%5B%5D=yamadamobile&s9%5B%5D=ad&o=3520"
"1","http://www.yamada-denkiweb.com/search/%E3%82%A8%E3%83%AC%E3%82%B3%E3%83%A0/?s9%5B%5D=yamadamobile&s9%5B%5D=ad&o=3540"
"1","http://www.yamada-denkiweb.com/search/%E3%82%A8%E3%83%AC%E3%82%B3%E3%83%A0/?s9%5B%5D=yamadamobile&s9%5B%5D=ad&o=3560"
"1","http://www.yamada-denkiweb.com/search/%E3%82%A8%E3%83%AC%E3%82%B3%E3%83%A0/?s9%5B%5D=yamadamobile&s9%5B%5D=ad&o=3580"
"1","http://www.yamada-denkiweb.com/search/%E3%82%A8%E3%83%AC%E3%82%B3%E3%83%A0/?s9%5B%5D=yamadamobile&s9%5B%5D=ad&o=3600"
"1","http://www.yamada-denkiweb.com/search/%E3%82%A8%E3%83%AC%E3%82%B3%E3%83%A0/?s9%5B%5D=yamadamobile&s9%5B%5D=ad&o=3620"
"1","http://www.yamada-denkiweb.com/search/%E3%82%A8%E3%83%AC%E3%82%B3%E3%83%A0/?s9%5B%5D=yamadamobile&s9%5B%5D=ad&o=3640"
"1","http://www.yamada-denkiweb.com/search/%E3%82%A8%E3%83%AC%E3%82%B3%E3%83%A0/?s9%5B%5D=yamadamobile&s9%5B%5D=ad&o=3660"
"1","http://www.yamada-denkiweb.com/search/%E3%82%A8%E3%83%AC%E3%82%B3%E3%83%A0/?s9%5B%5D=yamadamobile&s9%5B%5D=ad&o=3680"
"1","http://www.yamada-denkiweb.com/search/%E3%82%A8%E3%83%AC%E3%82%B3%E3%83%A0/?s9%5B%5D=yamadamobile&s9%5B%5D=ad&o=3700"
"1","http://www.yamada-denkiweb.com/search/%E3%82%A8%E3%83%AC%E3%82%B3%E3%83%A0/?s9%5B%5D=yamadamobile&s9%5B%5D=ad&o=3720"
"1","http://www.yamada-denkiweb.com/search/%E3%82%A8%E3%83%AC%E3%82%B3%E3%83%A0/?s9%5B%5D=yamadamobile&s9%5B%5D=ad&o=3740"
"1","http://www.yamada-denkiweb.com/search/%E3%82%A8%E3%83%AC%E3%82%B3%E3%83%A0/?s9%5B%5D=yamadamobile&s9%5B%5D=ad&o=3760"
"1","http://www.yamada-denkiweb.com/search/%E3%82%A8%E3%83%AC%E3%82%B3%E3%83%A0/?s9%5B%5D=yamadamobile&s9%5B%5D=ad&o=3780"
"1","http://www.yamada-denkiweb.com/search/%E3%82%A8%E3%83%AC%E3%82%B3%E3%83%A0/?s9%5B%5D=yamadamobile&s9%5B%5D=ad&o=3800"
"1","http://www.yamada-denkiweb.com/search/%E3%82%A8%E3%83%AC%E3%82%B3%E3%83%A0/?s9%5B%5D=yamadamobile&s9%5B%5D=ad&o=3820"
"1","http://www.yamada-denkiweb.com/search/%E3%82%A8%E3%83%AC%E3%82%B3%E3%83%A0/?s9%5B%5D=yamadamobile&s9%5B%5D=ad&o=3840"
"1","http://www.yamada-denkiweb.com/search/%E3%82%A8%E3%83%AC%E3%82%B3%E3%83%A0/?s9%5B%5D=yamadamobile&s9%5B%5D=ad&o=3860"
"1","http://www.yamada-denkiweb.com/search/%E3%82%A8%E3%83%AC%E3%82%B3%E3%83%A0/?s9%5B%5D=yamadamobile&s9%5B%5D=ad&o=3880"
"1","http://www.yamada-denkiweb.com/search/%E3%82%A8%E3%83%AC%E3%82%B3%E3%83%A0/?s9%5B%5D=yamadamobile&s9%5B%5D=ad&o=3900"
"1","http://www.yamada-denkiweb.com/search/%E3%82%A8%E3%83%AC%E3%82%B3%E3%83%A0/?s9%5B%5D=yamadamobile&s9%5B%5D=ad&o=3920"
"1","http://www.yamada-denkiweb.com/search/%E3%82%A8%E3%83%AC%E3%82%B3%E3%83%A0/?s9%5B%5D=yamadamobile&s9%5B%5D=ad&o=3940"
"1","http://www.yamada-denkiweb.com/search/%E3%82%A8%E3%83%AC%E3%82%B3%E3%83%A0/?s9%5B%5D=yamadamobile&s9%5B%5D=ad&o=3960"
"1","http://www.yamada-denkiweb.com/search/%E3%82%A8%E3%83%AC%E3%82%B3%E3%83%A0/?s9%5B%5D=yamadamobile&s9%5B%5D=ad&o=3980"
"1","http://www.yamada-denkiweb.com/search/%E3%82%A8%E3%83%AC%E3%82%B3%E3%83%A0/?s9%5B%5D=yamadamobile&s9%5B%5D=ad&o=4000"
"1","http://www.yamada-denkiweb.com/search/%E3%82%A8%E3%83%AC%E3%82%B3%E3%83%A0/?s9%5B%5D=yamadamobile&s9%5B%5D=ad&o=4020"
"1","http://www.yamada-denkiweb.com/search/%E3%82%A8%E3%83%AC%E3%82%B3%E3%83%A0/?s9%5B%5D=yamadamobile&s9%5B%5D=ad&o=4040"
"1","http://www.yamada-denkiweb.com/search/%E3%82%A8%E3%83%AC%E3%82%B3%E3%83%A0/?s9%5B%5D=yamadamobile&s9%5B%5D=ad&o=4060"
"1","http://www.yamada-denkiweb.com/search/%E3%82%A8%E3%83%AC%E3%82%B3%E3%83%A0/?s9%5B%5D=yamadamobile&s9%5B%5D=ad&o=4080"
"1","http://www.yamada-denkiweb.com/search/%E3%82%A8%E3%83%AC%E3%82%B3%E3%83%A0/?s9%5B%5D=yamadamobile&s9%5B%5D=ad&o=4100"
"1","http://www.yamada-denkiweb.com/search/%E3%82%A8%E3%83%AC%E3%82%B3%E3%83%A0/?s9%5B%5D=yamadamobile&s9%5B%5D=ad&o=4120"
"1","http://www.yamada-denkiweb.com/search/%E3%82%A8%E3%83%AC%E3%82%B3%E3%83%A0/?s9%5B%5D=yamadamobile&s9%5B%5D=ad&o=4140"
"1","http://www.yamada-denkiweb.com/search/%E3%82%A8%E3%83%AC%E3%82%B3%E3%83%A0/?s9%5B%5D=yamadamobile&s9%5B%5D=ad&o=4160"
"1","http://www.yamada-denkiweb.com/search/%E3%82%A8%E3%83%AC%E3%82%B3%E3%83%A0/?s9%5B%5D=yamadamobile&s9%5B%5D=ad&o=4180"
"1","http://www.yamada-denkiweb.com/search/%E3%82%A8%E3%83%AC%E3%82%B3%E3%83%A0/?s9%5B%5D=yamadamobile&s9%5B%5D=ad&o=4200"
"1","http://www.yamada-denkiweb.com/search/%E3%82%A8%E3%83%AC%E3%82%B3%E3%83%A0/?s9%5B%5D=yamadamobile&s9%5B%5D=ad&o=4220"
"1","http://www.yamada-denkiweb.com/search/%E3%82%A8%E3%83%AC%E3%82%B3%E3%83%A0/?s9%5B%5D=yamadamobile&s9%5B%5D=ad&o=4240"
"1","http://www.yamada-denkiweb.com/search/%E3%82%A8%E3%83%AC%E3%82%B3%E3%83%A0/?s9%5B%5D=yamadamobile&s9%5B%5D=ad&o=4260"
"1","http://www.yamada-denkiweb.com/search/%E3%82%A8%E3%83%AC%E3%82%B3%E3%83%A0/?s9%5B%5D=yamadamobile&s9%5B%5D=ad&o=4280"
"1","http://www.yamada-denkiweb.com/search/%E3%82%A8%E3%83%AC%E3%82%B3%E3%83%A0/?s9%5B%5D=yamadamobile&s9%5B%5D=ad&o=4300"
"1","http://www.yamada-denkiweb.com/search/%E3%82%A8%E3%83%AC%E3%82%B3%E3%83%A0/?s9%5B%5D=yamadamobile&s9%5B%5D=ad&o=4320"
"1","http://www.yamada-denkiweb.com/search/%E3%82%A8%E3%83%AC%E3%82%B3%E3%83%A0/?s9%5B%5D=yamadamobile&s9%5B%5D=ad&o=4340"
"1","http://www.yamada-denkiweb.com/search/%E3%82%A8%E3%83%AC%E3%82%B3%E3%83%A0/?s9%5B%5D=yamadamobile&s9%5B%5D=ad&o=4360"
"1","http://www.yamada-denkiweb.com/search/%E3%82%A8%E3%83%AC%E3%82%B3%E3%83%A0/?s9%5B%5D=yamadamobile&s9%5B%5D=ad&o=4380"
"1","http://www.yamada-denkiweb.com/search/%E3%82%A8%E3%83%AC%E3%82%B3%E3%83%A0/?s9%5B%5D=yamadamobile&s9%5B%5D=ad&o=4400"
"1","http://www.yamada-denkiweb.com/search/%E3%82%A8%E3%83%AC%E3%82%B3%E3%83%A0/?s9%5B%5D=yamadamobile&s9%5B%5D=ad&o=4420"
"1","http://www.yamada-denkiweb.com/search/%E3%82%A8%E3%83%AC%E3%82%B3%E3%83%A0/?s9%5B%5D=yamadamobile&s9%5B%5D=ad&o=4440"
"1","http://www.yamada-denkiweb.com/search/%E3%82%A8%E3%83%AC%E3%82%B3%E3%83%A0/?s9%5B%5D=yamadamobile&s9%5B%5D=ad&o=4460"
"1","http://www.yamada-denkiweb.com/search/%E3%82%A8%E3%83%AC%E3%82%B3%E3%83%A0/?s9%5B%5D=yamadamobile&s9%5B%5D=ad&o=4480"
"1","http://www.yamada-denkiweb.com/search/%E3%82%A8%E3%83%AC%E3%82%B3%E3%83%A0/?s9%5B%5D=yamadamobile&s9%5B%5D=ad&o=4500"
"1","http://www.yamada-denkiweb.com/search/%E3%82%A8%E3%83%AC%E3%82%B3%E3%83%A0/?s9%5B%5D=yamadamobile&s9%5B%5D=ad&o=4520"
"1","http://www.yamada-denkiweb.com/search/%E3%82%A8%E3%83%AC%E3%82%B3%E3%83%A0/?s9%5B%5D=yamadamobile&s9%5B%5D=ad&o=4540"
"1","http://www.yamada-denkiweb.com/search/%E3%82%A8%E3%83%AC%E3%82%B3%E3%83%A0/?s9%5B%5D=yamadamobile&s9%5B%5D=ad&o=4560"
"1","http://www.yamada-denkiweb.com/search/%E3%82%A8%E3%83%AC%E3%82%B3%E3%83%A0/?s9%5B%5D=yamadamobile&s9%5B%5D=ad&o=4580"
"1","http://www.yamada-denkiweb.com/search/%E3%82%A8%E3%83%AC%E3%82%B3%E3%83%A0/?s9%5B%5D=yamadamobile&s9%5B%5D=ad&o=4600"
"1","http://www.yamada-denkiweb.com/search/%E3%82%A8%E3%83%AC%E3%82%B3%E3%83%A0/?s9%5B%5D=yamadamobile&s9%5B%5D=ad&o=4620"
"1","http://www.yamada-denkiweb.com/search/%E3%82%A8%E3%83%AC%E3%82%B3%E3%83%A0/?s9%5B%5D=yamadamobile&s9%5B%5D=ad&o=4640"
"1","http://www.yamada-denkiweb.com/search/%E3%82%A8%E3%83%AC%E3%82%B3%E3%83%A0/?s9%5B%5D=yamadamobile&s9%5B%5D=ad&o=4660"
"1","http://www.yamada-denkiweb.com/search/%E3%82%A8%E3%83%AC%E3%82%B3%E3%83%A0/?s9%5B%5D=yamadamobile&s9%5B%5D=ad&o=4680"
"1","http://www.yamada-denkiweb.com/search/%E3%82%A8%E3%83%AC%E3%82%B3%E3%83%A0/?s9%5B%5D=yamadamobile&s9%5B%5D=ad&o=4700"
"1","http://www.yamada-denkiweb.com/search/%E3%82%A8%E3%83%AC%E3%82%B3%E3%83%A0/?s9%5B%5D=yamadamobile&s9%5B%5D=ad&o=4720"
"1","http://www.yamada-denkiweb.com/search/%E3%82%A8%E3%83%AC%E3%82%B3%E3%83%A0/?s9%5B%5D=yamadamobile&s9%5B%5D=ad&o=4740"
"1","http://www.yamada-denkiweb.com/search/%E3%82%A8%E3%83%AC%E3%82%B3%E3%83%A0/?s9%5B%5D=yamadamobile&s9%5B%5D=ad&o=4760"
"1","http://www.yamada-denkiweb.com/search/%E3%82%A8%E3%83%AC%E3%82%B3%E3%83%A0/?s9%5B%5D=yamadamobile&s9%5B%5D=ad&o=4780"
"1","http://www.yamada-denkiweb.com/search/%E3%82%A8%E3%83%AC%E3%82%B3%E3%83%A0/?s9%5B%5D=yamadamobile&s9%5B%5D=ad&o=4800"
"1","http://www.yamada-denkiweb.com/search/%E3%82%A8%E3%83%AC%E3%82%B3%E3%83%A0/?s9%5B%5D=yamadamobile&s9%5B%5D=ad&o=4820"
"1","http://www.yamada-denkiweb.com/search/%E3%82%A8%E3%83%AC%E3%82%B3%E3%83%A0/?s9%5B%5D=yamadamobile&s9%5B%5D=ad&o=4840"
"1","http://www.yamada-denkiweb.com/search/%E3%82%A8%E3%83%AC%E3%82%B3%E3%83%A0/?s9%5B%5D=yamadamobile&s9%5B%5D=ad&o=4860"
"1","http://www.yamada-denkiweb.com/search/%E3%82%A8%E3%83%AC%E3%82%B3%E3%83%A0/?s9%5B%5D=yamadamobile&s9%5B%5D=ad&o=4880"
"1","http://www.yamada-denkiweb.com/search/%E3%82%A8%E3%83%AC%E3%82%B3%E3%83%A0/?s9%5B%5D=yamadamobile&s9%5B%5D=ad&o=4900"
"1","http://www.yamada-denkiweb.com/search/%E3%82%A8%E3%83%AC%E3%82%B3%E3%83%A0/?s9%5B%5D=yamadamobile&s9%5B%5D=ad&o=4920"
"1","http://www.yamada-denkiweb.com/search/%E3%82%A8%E3%83%AC%E3%82%B3%E3%83%A0/?s9%5B%5D=yamadamobile&s9%5B%5D=ad&o=4940"
"1","http://www.yamada-denkiweb.com/search/%E3%82%A8%E3%83%AC%E3%82%B3%E3%83%A0/?s9%5B%5D=yamadamobile&s9%5B%5D=ad&o=4960"
"1","http://www.yamada-denkiweb.com/search/%E3%82%A8%E3%83%AC%E3%82%B3%E3%83%A0/?s9%5B%5D=yamadamobile&s9%5B%5D=ad&o=4980"
"1","http://www.yamada-denkiweb.com/search/%E3%82%A8%E3%83%AC%E3%82%B3%E3%83%A0/?s9%5B%5D=yamadamobile&s9%5B%5D=ad&o=5000"
"1","http://www.yamada-denkiweb.com/search/%E3%82%A8%E3%83%AC%E3%82%B3%E3%83%A0/?s9%5B%5D=yamadamobile&s9%5B%5D=ad&o=5020"
"1","http://www.yamada-denkiweb.com/search/%E3%82%A8%E3%83%AC%E3%82%B3%E3%83%A0/?s9%5B%5D=yamadamobile&s9%5B%5D=ad&o=5040"
"1","http://www.yamada-denkiweb.com/search/%E3%82%A8%E3%83%AC%E3%82%B3%E3%83%A0/?s9%5B%5D=yamadamobile&s9%5B%5D=ad&o=5060"
"1","http://www.yamada-denkiweb.com/search/%E3%82%A8%E3%83%AC%E3%82%B3%E3%83%A0/?s9%5B%5D=yamadamobile&s9%5B%5D=ad&o=5080"
"1","http://www.yamada-denkiweb.com/search/%E3%82%A8%E3%83%AC%E3%82%B3%E3%83%A0/?s9%5B%5D=yamadamobile&s9%5B%5D=ad&o=5100"
"1","http://www.yamada-denkiweb.com/search/%E3%82%A8%E3%83%AC%E3%82%B3%E3%83%A0/?s9%5B%5D=yamadamobile&s9%5B%5D=ad&o=5120"
"1","http://www.yamada-denkiweb.com/search/%E3%82%A8%E3%83%AC%E3%82%B3%E3%83%A0/?s9%5B%5D=yamadamobile&s9%5B%5D=ad&o=5140"
"1","http://www.yamada-denkiweb.com/search/%E3%82%A8%E3%83%AC%E3%82%B3%E3%83%A0/?s9%5B%5D=yamadamobile&s9%5B%5D=ad&o=5160"
"1","http://www.yamada-denkiweb.com/search/%E3%82%A8%E3%83%AC%E3%82%B3%E3%83%A0/?s9%5B%5D=yamadamobile&s9%5B%5D=ad&o=5180"
"1","http://www.yamada-denkiweb.com/search/%E3%82%A8%E3%83%AC%E3%82%B3%E3%83%A0/?s9%5B%5D=yamadamobile&s9%5B%5D=ad&o=5200"
"1","http://www.yamada-denkiweb.com/search/%E3%82%A8%E3%83%AC%E3%82%B3%E3%83%A0/?s9%5B%5D=yamadamobile&s9%5B%5D=ad&o=5220"
"1","http://www.yamada-denkiweb.com/search/%E3%82%A8%E3%83%AC%E3%82%B3%E3%83%A0/?s9%5B%5D=yamadamobile&s9%5B%5D=ad&o=5240"
"1","http://www.yamada-denkiweb.com/search/%E3%82%A8%E3%83%AC%E3%82%B3%E3%83%A0/?s9%5B%5D=yamadamobile&s9%5B%5D=ad&o=5260"
"1","http://www.yamada-denkiweb.com/search/%E3%82%A8%E3%83%AC%E3%82%B3%E3%83%A0/?s9%5B%5D=yamadamobile&s9%5B%5D=ad&o=5280"
"1","http://www.yamada-denkiweb.com/search/%E3%82%A8%E3%83%AC%E3%82%B3%E3%83%A0/?s9%5B%5D=yamadamobile&s9%5B%5D=ad&o=5300"
"1","http://www.yamada-denkiweb.com/search/%E3%82%A8%E3%83%AC%E3%82%B3%E3%83%A0/?s9%5B%5D=yamadamobile&s9%5B%5D=ad&o=5320"
"1","http://www.yamada-denkiweb.com/search/%E3%82%A8%E3%83%AC%E3%82%B3%E3%83%A0/?s9%5B%5D=yamadamobile&s9%5B%5D=ad&o=5340"
"1","http://www.yamada-denkiweb.com/search/%E3%82%A8%E3%83%AC%E3%82%B3%E3%83%A0/?s9%5B%5D=yamadamobile&s9%5B%5D=ad&o=5360"
"1","http://www.yamada-denkiweb.com/search/%E3%82%A8%E3%83%AC%E3%82%B3%E3%83%A0/?s9%5B%5D=yamadamobile&s9%5B%5D=ad&o=5380"
"1","http://www.yamada-denkiweb.com/search/%E3%82%A8%E3%83%AC%E3%82%B3%E3%83%A0/?s9%5B%5D=yamadamobile&s9%5B%5D=ad&o=5400"
"1","http://www.yamada-denkiweb.com/search/%E3%82%A8%E3%83%AC%E3%82%B3%E3%83%A0/?s9%5B%5D=yamadamobile&s9%5B%5D=ad&o=5420"
"1","http://www.yamada-denkiweb.com/search/%E3%82%A8%E3%83%AC%E3%82%B3%E3%83%A0/?s9%5B%5D=yamadamobile&s9%5B%5D=ad&o=5440"
"1","http://www.yamada-denkiweb.com/search/%E3%82%A8%E3%83%AC%E3%82%B3%E3%83%A0/?s9%5B%5D=yamadamobile&s9%5B%5D=ad&o=5460"
"1","http://www.yamada-denkiweb.com/search/%E3%82%A8%E3%83%AC%E3%82%B3%E3%83%A0/?s9%5B%5D=yamadamobile&s9%5B%5D=ad&o=5480"
"1","http://www.yamada-denkiweb.com/search/%E3%82%A8%E3%83%AC%E3%82%B3%E3%83%A0/?s9%5B%5D=yamadamobile&s9%5B%5D=ad&o=5500"
"1","http://www.yamada-denkiweb.com/search/%E3%82%A8%E3%83%AC%E3%82%B3%E3%83%A0/?s9%5B%5D=yamadamobile&s9%5B%5D=ad&o=5520"
"1","http://www.yamada-denkiweb.com/search/%E3%82%A8%E3%83%AC%E3%82%B3%E3%83%A0/?s9%5B%5D=yamadamobile&s9%5B%5D=ad&o=5540"